Dec,5.4,5.41,5.42,5.43,5.44,5.45,5.46,5.47,5.48,5.49,5.5,5.51,5.52,5.53,5.54,5.55,5.56,5.57,5.58,5.59,5.6,5.61,5.62,5.63,5.64,5.65,5.66,5.67,5.68,5.69,5.7,5.71,5.72,5.73,5.74,5.75,5.76,5.77,5.78,5.79,5.8
30.2,-43.8940060933431,-43.887699127197266,-43.89694322858538,-43.89423433939616,-43.898546491350444,-43.913368225097656,-43.92260627746582,-47.06490094321115,-47.585714975992836,-49.40897536277771,-43.93342399597168,0.0,0.0,0.0,0.0,0.0,0.0,0.0,0.0,0.0,0.0,0.0,0.0,0.0,0.0,0.0,0.0,0.0,0.0,0.0,0.0,0.0,0.0,0.0,0.0,0.0,0.0,0.0,0.0,0.0,0.0
30.19,-58.51868565877279,-51.20503075917562,-50.164485931396484,-51.212287267049156,-50.17020171029227,-49.40064477920532,-48.31706479390462,-47.06408051082066,-47.58484220504761,-43.91729736328125,-43.93342399597168,0.0,0.0,0.0,0.0,0.0,0.0,0.0,0.0,0.0,0.0,0.0,0.0,0.0,0.0,0.0,0.0,0.0,0.0,0.0,0.0,0.0,0.0,0.0,0.0,0.0,0.0,0.0,0.0,0.0,0.0
30.18,-43.8940060933431,-43.887699127197266,-43.89694322858538,-43.89423433939616,-43.898546491350444,-49.39756727218628,-43.92260627746582,-43.926592690604075,-43.925753593444824,-43.91729736328125,-43.93342399597168,0.0,0.0,0.0,0.0,0.0,0.0,0.0,0.0,0.0,0.0,0.0,0.0,0.0,0.0,0.0,0.0,0.0,0.0,0.0,0.0,0.0,0.0,0.0,0.0,0.0,0.0,0.0,0.0,0.0,0.0
29.75,0.0,0.0,0.0,0.0,0.0,0.0,0.0,0.0,0.0,-43.93180305727066,-43.93733927967784,-44.38023314813171,-43.936128635599154,-43.94202175140381,-43.941585540771484,-43.951739120483396,-43.95883083343506,-43.95007801055908,-43.928009033203125,-43.92211023966471,-43.92684119088309,-43.92507825578962,-43.92066144943237,-43.923274993896484,-43.920162200927734,-43.93621587753296,-43.931780678885325,-43.93237468174526,-43.911168575286865,-43.90485654558454,-43.89829874038696,-43.886841365269255,-43.89553124564035,-43.88904285430908,-43.907959529331755,-43.91308266775949,-43.9230466570173,-43.929938725062776,-43.920113699776785,-43.91765022277832,-43.89814249674479
29.74,0.0,0.0,0.0,0.0,0.0,0.0,0.0,0.0,0.0,-43.932406834193635,-44.42028090019366,-44.376757287979125,-44.375810890197755,-46.13875732421875,-43.941585540771484,-48.346623229980466,-49.45696544647217,-49.44545888900757,-51.2459405263265,-43.92211023966471,-50.200927461896626,-50.19985943748837,-49.41240739822388,-49.41069459915161,-50.19625963483538,-49.42601561546326,-50.2158933367048,-50.20715550013951,-49.401228189468384,-50.176002502441406,-43.89829874038696,-50.15959712437221,-50.160540444510325,-43.88904285430908,-43.907959529331755,-43.91308266775949,-43.9230466570173,-43.929938725062776,-43.920113699776785,-43.91765022277832,-43.89814249674479
29.73,0.0,0.0,0.0,0.0,0.0,0.0,0.0,0.0,0.0,-43.932406834193635,-44.42002842224675,-44.37658347464896,-44.375971801757814,-46.13980331420898,-47.320775545560394,-48.34497833251953,-43.95883083343506,-49.438772201538086,-51.2542781829834,-51.2425537109375,-43.92684119088309,-43.92507825578962,-43.92066144943237,-43.923274993896484,-50.19680104936872,-43.93621587753296,-50.20849772862026,-50.205650329589844,-43.911168575286865,-50.17649895804269,-49.38481330871582,-50.15753092084612,-49.37770938873291,-49.37935924530029,-50.177433013916016,-50.18810217721121,-43.9230466570173,-43.929938725062776,-43.920113699776785,-43.91765022277832,-43.89814249674479
29.72,0.0,0.0,0.0,0.0,0.0,0.0,0.0,0.0,0.0,-43.932406834193635,-43.93733927967784,-43.93724609375,-43.9365372467041,-43.94202175140381,-43.941585540771484,-43.951739120483396,-43.95883083343506,-43.95007801055908,-43.928009033203125,-43.92211023966471,-43.92684119088309,-43.92507825578962,-43.92066144943237,-43.923274993896484,-43.920162200927734,-43.93621587753296,-43.931780678885325,-43.93237468174526,-43.911168575286865,-43.90485654558454,-43.89829874038696,-43.886841365269255,-43.89400339126587,-43.88904285430908,-50.17700358799526,-50.188737051827566,-50.20025553022112,-50.20309230259487,-43.920113699776785,-43.91765022277832,-43.89814249674479
29.71,0.0,0.0,0.0,0.0,0.0,0.0,0.0,0.0,0.0,-43.932494317331624,-44.41572239087976,-43.937586189496635,-43.9365372467041,-43.94202175140381,-43.941585540771484,-43.951739120483396,-43.95883083343506,-43.95007801055908,-43.928009033203125,-43.92211023966471,-43.92684119088309,-43.92507825578962,-43.92066144943237,-43.923274993896484,-43.920162200927734,-43.93621587753296,-43.931780678885325,-43.93237468174526,-43.911168575286865,-43.90485654558454,-43.89829874038696,-43.886841365269255,-43.89553124564035,-43.88904285430908,-43.907959529331755,-43.91308266775949,-43.9230466570173,-50.20209557669504,-50.196850549607056,-43.91765022277832,-43.89814249674479
29.7,0.0,0.0,0.0,0.0,0.0,0.0,0.0,0.0,0.0,-43.933473402454005,-43.938264621201384,-43.93809161466711,-43.9365372467041,-43.940291153757194,-43.941585540771484,-43.951739120483396,-43.95883083343506,-43.95007801055908,-43.928009033203125,-43.92211023966471,-43.92684119088309,-43.92507825578962,-43.92066144943237,-43.923274993896484,-43.920162200927734,-43.93621587753296,-43.931780678885325,-43.93237468174526,-43.911168575286865,-43.90485654558454,-43.89829874038696,-43.886841365269255,-43.89553124564035,-43.88938740321568,-43.907959529331755,-43.91308266775949,-43.9230466570173,-43.929938725062776,-43.920113699776785,-51.23532931009928,-58.52556864420573
29.67,0.0,0.0,0.0,0.0,0.0,0.0,0.0,0.0,0.0,-43.934175138120295,-44.40648314293394,-43.93809161466711,-43.934843210073616,-43.940291153757194,-43.941585540771484,-43.95048268636068,-43.95883083343506,-43.95007801055908,-43.928009033203125,-43.92211023966471,-43.92684119088309,-43.92507825578962,-43.91957909720285,-43.92461068289621,-43.920162200927734,-43.93831852504185,-43.931780678885325,-43.93237468174526,-43.911168575286865,-43.904117584228516,-43.89752796718052,-43.886841365269255,-43.89553124564035,-43.88938740321568,-43.907959529331755,-43.91308266775949,-43.9230466570173,-43.929938725062776,-43.920113699776785,-43.91765022277832,-43.89814249674479
29.65,0.0,0.0,0.0,0.0,0.0,0.0,0.0,0.0,0.0,-43.93794168744768,-44.40670476061233,-43.93895020851722,-43.94180679321289,-43.93766291001264,-43.94148635864258,-43.95048268636068,-43.95843778337751,-43.94939295450846,-43.928009033203125,-43.92211023966471,-43.921712239583336,-43.92507825578962,-43.91957909720285,-43.92461068289621,-43.920162200927734,-43.93831852504185,-43.931780678885325,-43.93237468174526,-43.91433334350586,-43.904117584228516,-43.89752796718052,-43.886841365269255,-43.89553124564035,-43.88938740321568,-43.907959529331755,-43.91308266775949,-43.925469080607094,-43.929938725062776,-43.920113699776785,-43.91765022277832,-43.89814249674479
29.6,0.0,0.0,0.0,0.0,0.0,0.0,0.0,0.0,0.0,-43.96983664376395,-44.41118449549521,-43.938446444556824,-43.94547502922289,-43.93735173543294,-43.94261512756348,-43.94143295288086,-43.96003723144531,-43.94939295450846,-43.92100143432617,-43.92790908813477,-43.92342185974121,-43.92755699157715,-43.92166837056478,-43.92326545715332,-43.92242240905762,-43.94059448242187,-43.934922536214195,-43.92682800292969,-43.91616287231445,-43.904117584228516,-43.89891357421875,-43.88647905985514,-43.89323806762695,-43.89232635498047,-43.907959529331755,-43.91804504394531,-43.925469080607094,-43.929938725062776,-43.92332776387533,-43.91947784423828,-43.89814249674479
29.59,0.0,0.0,0.0,0.0,0.0,0.0,0.0,0.0,0.0,-43.96983664376395,-44.416396514229156,-43.93816812221821,-43.94231264931815,-43.94053486415318,-43.94261512756348,-43.94143295288086,-43.96003723144531,-43.94139556884765,-43.92100143432617,-43.92790908813477,-43.92342185974121,-43.92761154174805,-43.92166837056478,-43.92326545715332,-43.921226501464844,-43.94059448242187,-43.934922536214195,-43.92682800292969,-43.91616287231445,-43.89748916625977,-43.89891357421875,-43.889845275878905,-43.89323806762695,-43.89232635498047,-43.907959529331755,-43.91804504394531,-43.925469080607094,-43.92693773905436,-43.92557830810547,-43.91947784423828,-43.89814249674479
29.55,0.0,0.0,0.0,0.0,0.0,0.0,0.0,0.0,0.0,-43.974313259124756,-44.45400413064396,-43.93782978431851,-43.944303175982306,-43.952548027038574,-43.93849754333496,-43.94736671447754,-43.97956943511963,-43.946228981018066,-43.92386341094971,-43.94013786315918,-43.91475041707357,-43.923468271891274,-43.927286783854164,-43.908983866373696,-43.93520863850912,-43.93956661224365,-43.94910176595052,-43.92422008514404,-43.91384506225586,-43.898056983947754,-43.897841135660805,-43.88850212097168,-43.88156318664551,-43.89232635498047,-43.88531239827474,-43.925042152404785,-43.93064498901367,-43.91754341125488,-43.92557830810547,-43.91947784423828,-43.89814249674479
29.52,0.0,0.0,0.0,0.0,0.0,0.0,0.0,0.0,0.0,-43.97186613082886,-46.03750428699312,-43.94448885710343,-43.96686325073242,0.0,0.0,0.0,0.0,0.0,0.0,0.0,0.0,0.0,0.0,0.0,0.0,0.0,0.0,0.0,0.0,0.0,0.0,0.0,-43.86964797973633,-43.91490936279297,-43.86361312866211,-43.927358627319336,-43.94046211242676,-43.90856170654297,-43.93715794881185,-43.910593032836914,-43.89155387878418
29.5,0.0,0.0,0.0,0.0,0.0,0.0,0.0,0.0,0.0,-43.96858739852905,-45.853890460470446,-43.94329216366722,-43.981553077697754,0.0,0.0,0.0,0.0,0.0,0.0,0.0,0.0,0.0,0.0,0.0,0.0,0.0,0.0,0.0,0.0,0.0,0.0,0.0,0.0,0.0,0.0,0.0,0.0,0.0,0.0,-43.90607452392578,-43.89155387878418
29.47,0.0,0.0,0.0,0.0,0.0,0.0,0.0,0.0,0.0,-43.94814605712891,-45.318145513534546,-43.94103281838553,-43.97622013092041,0.0,0.0,0.0,0.0,0.0,0.0,0.0,0.0,0.0,0.0,0.0,0.0,0.0,0.0,0.0,0.0,0.0,0.0,0.0,0.0,0.0,0.0,0.0,0.0,0.0,0.0,0.0,0.0
29.46,0.0,0.0,0.0,0.0,0.0,0.0,0.0,0.0,0.0,-43.94814605712891,-45.31770193576813,-43.943498849868774,-43.95391311645508,0.0,0.0,0.0,0.0,0.0,0.0,0.0,0.0,0.0,0.0,0.0,0.0,0.0,0.0,0.0,0.0,0.0,0.0,0.0,0.0,0.0,0.0,0.0,0.0,0.0,0.0,0.0,0.0
29.44,0.0,0.0,0.0,0.0,0.0,0.0,0.0,0.0,0.0,-43.937116622924805,-44.59688790164777,-43.945763734670784,-43.953212102254234,-43.937068939208984,-43.96034240722656,0.0,0.0,0.0,0.0,0.0,0.0,0.0,0.0,0.0,0.0,0.0,0.0,0.0,0.0,0.0,0.0,0.0,0.0,0.0,0.0,0.0,0.0,0.0,0.0,0.0,0.0
29.42,0.0,0.0,0.0,0.0,0.0,0.0,0.0,0.0,0.0,-43.934339376596306,-44.427159445626394,-43.9448371394988,-43.926457214355466,-43.93227513631185,-43.96432113647461,-43.98551559448242,-43.94113540649414,-43.915679931640625,-43.936323165893555,-43.932861328125,-43.9474983215332,-43.97117614746094,0.0,0.0,0.0,0.0,0.0,0.0,0.0,0.0,0.0,0.0,0.0,0.0,0.0,0.0,0.0,0.0,0.0,0.0,-43.95653057098389
29.41,0.0,0.0,0.0,0.0,0.0,0.0,0.0,0.0,0.0,-43.931377683367046,-44.426905789218104,-43.94488894685786,-43.927668831565164,-43.93227513631185,-43.96432113647461,-43.98551559448242,-43.95315806070963,-43.918418884277344,-43.92298253377279,-43.932861328125,-43.9474983215332,-43.966156005859375,-43.9151496887207,-43.94114112854004,-43.96512985229492,0.0,0.0,0.0,0.0,0.0,0.0,0.0,0.0,0.0,0.0,0.0,0.0,0.0,0.0,-43.937950134277344,-43.94589538574219
29.38,0.0,0.0,0.0,0.0,0.0,0.0,0.0,0.0,0.0,-43.93229114308077,-44.4317802005344,-43.94448947906494,-43.926025390625,-43.941374969482425,-43.968509674072266,-43.97149124145508,-43.94991683959961,-43.918418884277344,-43.92246913909912,-43.93899440765381,-43.952741622924805,-43.948936462402344,-43.936217308044434,-43.942803382873535,-43.95314407348633,-43.96291478474936,-43.95427703857422,-43.947689056396484,-43.92588678995768,-43.93574651082357,-43.945245107014976,-43.970611572265625,-43.967979431152344,-43.943824768066406,-43.94830449422201,-43.926413218180336,-43.969642639160156,-43.93632561819894,-43.93234973483615,-43.93671920082786,-43.936869049072264
29.36,0.0,0.0,0.0,0.0,0.0,0.0,0.0,0.0,0.0,-43.93015590466951,-44.4314692179362,-43.94448947906494,-43.92649865150452,-43.941374969482425,-43.962764739990234,-43.97149124145508,-43.94991683959961,-43.922848510742185,-43.92693405151367,-43.9413459777832,-43.94637908935547,-43.948936462402344,-43.936217308044434,-43.942803382873535,-43.95314407348633,-43.96192264556885,-43.96030521392822,-43.947689056396484,-43.93453598022461,-43.932596588134764,-43.945245107014976,-43.970611572265625,-43.97251892089844,-43.95632743835449,-43.93727970123291,-43.945394897460936,-43.95816548665365,-43.9372763633728,-43.935633977254234,-43.9371534983317,-43.936011146096625
29.35,0.0,0.0,0.0,0.0,0.0,0.0,0.0,0.0,0.0,-43.93322738011678,-44.43224338955349,-43.944188002701644,-43.930207358466255,-43.950857162475586,-43.96517117818197,-43.97149124145508,-43.94991683959961,-43.922848510742185,-43.923950831095375,-43.9413459777832,-43.94637908935547,-43.947998046875,-43.936217308044434,-43.946031951904295,-43.95819320678711,-43.96192264556885,-43.96030521392822,-43.944488525390625,-43.93453598022461,-43.932596588134764,-43.94405269622803,-43.9589729309082,-43.96670150756836,-43.96066665649414,-43.93851013183594,-43.945394897460936,-43.95816548665365,-43.9372763633728,-43.93476867675781,-43.93742462158203,-43.93748982747396
29.34,0.0,0.0,0.0,0.0,0.0,0.0,0.0,0.0,0.0,-43.93248665851095,-44.437205753969344,-43.944188002701644,-43.93381732443105,-43.950857162475586,-43.96517117818197,-43.97149124145508,-43.94991683959961,-43.92670885721842,-43.923950831095375,-43.938894271850586,-43.94637908935547,-43.947998046875,-43.9408156077067,-43.946031951904295,-43.95819320678711,-43.96380081176758,-43.96030521392822,-43.944488525390625,-43.93453598022461,-43.932596588134764,-43.95246963500976,-43.96278305053711,-43.96670150756836,-43.96066665649414,-43.93851013183594,-43.953468322753906,-43.953245980399,-43.940756479899086,-43.934550221761064,-43.93742462158203,-43.93815371864721
29.33,0.0,0.0,0.0,0.0,0.0,0.0,0.0,0.0,0.0,-43.94139410524952,-44.437574365165794,-43.944188002701644,-43.93421951293945,-43.95398112705776,-43.96517117818197,-43.97149124145508,-43.94991683959961,-43.92670885721842,-43.923950831095375,-43.938894271850586,-43.94637908935547,-43.94293467203776,-43.9408156077067,-43.946031951904295,-43.95819320678711,-43.96479797363281,-43.95915298461914,-43.944488525390625,-43.93453598022461,-43.932596588134764,-43.95246963500976,-43.96278305053711,-43.96670150756836,-43.96066665649414,-43.93851013183594,-43.953468322753906,-43.953245980399,-43.939302617853336,-43.933594703674316,-43.93742462158203,-43.93815371864721
29.32,0.0,0.0,0.0,0.0,0.0,0.0,0.0,0.0,0.0,-43.93878184000651,-44.43727759029088,-43.944188002701644,-43.9442076365153,-43.95398112705776,-43.96517117818197,-43.97149124145508,-43.94098091125488,-43.92670885721842,-43.923950831095375,-43.938894271850586,-43.94637908935547,-43.94293467203776,-43.9408156077067,-43.940473556518555,-43.95819320678711,-43.96479797363281,-43.95820554097494,-43.944488525390625,-43.93453598022461,-43.932596588134764,-43.95246963500976,-43.96278305053711,-43.96670150756836,-43.96066665649414,-43.94061851501465,-43.953468322753906,-43.953245980399,-43.939302617853336,-43.93369248334099,-43.93733112628643,-43.93804588317871
29.31,0.0,0.0,0.0,0.0,0.0,0.0,0.0,0.0,0.0,-43.94168915748596,-44.44315013018522,-43.943650549584696,-43.942991926863385,-43.95398112705776,-43.96517117818197,-43.966526667277016,-43.94098091125488,-43.92670885721842,-43.923950831095375,-43.938894271850586,-43.948838551839195,-43.94293467203776,-43.9408156077067,-43.940473556518555,-43.95819320678711,-43.96479797363281,-43.95820554097494,-43.946554819742836,-43.93453598022461,-43.932596588134764,-43.94634246826172,-43.96278305053711,-43.96670150756836,-43.96066665649414,-43.94061851501465,-43.95475878034319,-43.945318857828774,-43.939302617853336,-43.9339968363444,-43.93733112628643,-43.93804588317871
29.3,0.0,0.0,0.0,0.0,0.0,0.0,0.0,0.0,0.0,-43.94168915748596,-44.44805553041655,-43.94314511617025,-43.9469923765763,-43.95398112705776,-43.95910208565848,-43.966526667277016,-43.94098091125488,-43.92670885721842,-43.923950831095375,-43.938894271850586,-43.948838551839195,-43.94293467203776,-43.9408156077067,-43.940473556518555,-43.95740000406901,-43.96479797363281,-43.95820554097494,-43.946554819742836,-43.93453598022461,-43.932596588134764,-43.94634246826172,-43.96278305053711,-43.96670150756836,-43.96066665649414,-43.94061851501465,-43.95475878034319,-43.945318857828774,-43.94262218475342,-43.9339968363444,-43.93733112628643,-43.93804588317871
29.29,0.0,0.0,0.0,0.0,0.0,0.0,0.0,0.0,0.0,-43.9430243174235,-44.4480262113257,-43.94314511617025,-43.94492875075922,-43.95398112705776,-43.95910208565848,-43.966526667277016,-43.94098091125488,-43.92670885721842,-43.923950831095375,-43.938894271850586,-43.948838551839195,-43.94293467203776,-43.9408156077067,-43.940473556518555,-43.95740000406901,-43.96479797363281,-43.95820554097494,-43.946554819742836,-43.93480682373047,-43.932596588134764,-43.94634246826172,-43.96083014351981,-43.96670150756836,-43.96066665649414,-43.94061851501465,-43.95475878034319,-43.945318857828774,-43.93989680363582,-43.9339968363444,-43.936486138237846,-43.93804588317871
29.27,0.0,0.0,0.0,0.0,0.0,0.0,0.0,0.0,0.0,-43.94408139315519,-44.447913970070324,-43.94260766532984,-43.945327429123864,-43.95398112705776,-43.95910208565848,-43.966526667277016,-43.94098091125488,-43.92670885721842,-43.92648696899414,-43.938894271850586,-43.948838551839195,-43.94293467203776,-43.9408156077067,-43.940473556518555,-43.95740000406901,-43.96479797363281,-43.95820554097494,-43.946554819742836,-43.93480682373047,-43.932596588134764,-43.94901875087193,-43.96083014351981,-43.96568806966146,-43.95453453063965,-43.94061851501465,-43.9513144493103,-43.945318857828774,-43.93989680363582,-43.934278678894046,-43.936486138237846,-43.938998631068635
29.26,0.0,0.0,0.0,0.0,0.0,0.0,0.0,0.0,0.0,-43.94416527999075,-44.4482483260933,-43.942245266654275,-43.94565886485426,-43.95398112705776,-43.95910208565848,-43.966526667277016,-43.94098091125488,-43.92670885721842,-43.92648696899414,-43.938894271850586,-43.948838551839195,-43.94293467203776,-43.9408156077067,-43.940473556518555,-43.95740000406901,-43.96479797363281,-43.95421436854771,-43.946554819742836,-43.93480682373047,-43.93626730782645,-43.94901875087193,-43.96083014351981,-43.96568806966146,-43.95453453063965,-43.94061851501465,-43.9513144493103,-43.945318857828774,-43.93989680363582,-43.931830451602025,-43.936486138237846,-43.938998631068635
29.25,0.0,0.0,0.0,0.0,0.0,0.0,0.0,0.0,0.0,-43.94442209879557,-44.453329866985946,-43.942245266654275,-43.94534512055226,-43.95398112705776,-43.95910208565848,-43.961930411202566,-43.94098091125488,-43.92670885721842,-43.92648696899414,-43.938894271850586,-43.948838551839195,-43.94443457467215,-43.9408156077067,-43.940473556518555,-43.95740000406901,-43.96479797363281,-43.95421436854771,-43.946554819742836,-43.93480682373047,-43.93626730782645,-43.94901875087193,-43.96083014351981,-43.96568806966146,-43.95453453063965,-43.94061851501465,-43.95320553249783,-43.945318857828774,-43.94119371686663,-43.931830451602025,-43.936486138237846,-43.938998631068635
29.24,0.0,0.0,0.0,0.0,0.0,0.0,0.0,0.0,0.0,-43.944851643330345,-44.45331092989722,-44.44751656192473,-44.516272771926154,-50.23070526123047,-43.95910208565848,-43.961930411202566,-43.94098091125488,-43.92670885721842,-43.92648696899414,-43.938894271850586,-43.948838551839195,-43.94443457467215,-43.9408156077067,-43.940473556518555,-43.95740000406901,-43.96479797363281,-43.95421436854771,-43.946554819742836,-43.93480682373047,-43.93626730782645,-43.94901875087193,-43.96083014351981,-43.96568806966146,-43.95604051862444,-43.94061851501465,-43.95320553249783,-43.94317436218262,-43.94119371686663,-43.931830451602025,-43.936486138237846,-43.93755288557573
29.23,0.0,0.0,0.0,0.0,0.0,0.0,0.0,0.0,0.0,-43.945202085706924,-44.459575929828716,-43.94215309756926,-43.945443318684895,-43.95398112705776,-50.24185998099191,-50.24466460091727,-51.26459821065267,-43.92670885721842,-43.92648696899414,-43.938894271850586,-43.948838551839195,-43.94443457467215,-43.9408156077067,-43.940473556518555,-43.95740000406901,-43.960706983293804,-43.95421436854771,-43.946554819742836,-43.93480682373047,-43.93626730782645,-43.94901875087193,-43.96083014351981,-43.96019036429269,-43.95604051862444,-43.94061851501465,-43.95320553249783,-43.94317436218262,-43.94119371686663,-43.93244188482111,-43.936486138237846,-43.93755288557573
29.22,0.0,0.0,0.0,0.0,0.0,0.0,0.0,0.0,0.0,-43.94485097535899,-43.94229323443245,-43.94215309756926,-43.94565598169962,-43.95398112705776,-43.95910208565848,-43.961930411202566,-51.26440874735514,-51.24382019042969,-50.203104564121794,-51.261037826538086,-51.273963928222656,-50.226031167166575,-43.9408156077067,-43.940473556518555,-43.95740000406901,-43.960706983293804,-43.95421436854771,-43.946554819742836,-43.93480682373047,-43.93626730782645,-43.94901875087193,-43.96083014351981,-43.96019036429269,-43.95604051862444,-43.94061851501465,-43.95320553249783,-43.940569097345524,-43.94119371686663,-43.93244188482111,-43.936486138237846,-43.93755288557573
29.21,0.0,0.0,0.0,0.0,0.0,0.0,0.0,0.0,0.0,-43.944937481599695,-43.942338943481445,-43.94219611411871,-43.94533463598977,-43.95398112705776,-43.95910208565848,-43.966526667277016,-43.94098091125488,-43.92670885721842,-43.92648696899414,-43.938894271850586,-51.27287928263346,-50.2245968409947,-51.25959587097168,-51.266045888264976,-51.28595225016276,-43.960706983293804,-43.95421436854771,-43.946554819742836,-43.93480682373047,-43.93626730782645,-43.94901875087193,-43.96083014351981,-43.96019036429269,-43.95604051862444,-43.94061851501465,-43.95320553249783,-43.940569097345524,-43.94119371686663,-43.93244188482111,-45.56371971412941,-45.93483313253103
29.2,0.0,0.0,0.0,0.0,0.0,0.0,0.0,0.0,0.0,-43.94466849939147,-43.942663859172036,-43.942511704388785,-43.94536763971502,-43.95398112705776,-43.95910208565848,-43.966526667277016,-43.94098091125488,-43.92670885721842,-43.92648696899414,-43.938894271850586,-43.948838551839195,-43.94443457467215,-51.2604185740153,-51.26194826761881,-51.28389104207357,-50.24155398777553,-50.23469080243792,-51.26924832661947,-51.256754557291664,-50.211708886282786,-50.22581263950893,-50.240918840680806,-43.96019036429269,-43.95604051862444,-43.94061851501465,-43.95320553249783,-43.940569097345524,-47.07911818368094,-45.92941249500621,-45.5638471532751,-43.93755288557573
29.19,0.0,0.0,0.0,0.0,0.0,0.0,0.0,0.0,0.0,-43.94579060872396,-43.94229726093571,-43.942511704388785,-43.942128626505536,-43.95398112705776,-43.95910208565848,-43.966526667277016,-43.94098091125488,-43.92670885721842,-43.92648696899414,-43.938894271850586,-43.948838551839195,-43.94443457467215,-43.9408156077067,-43.940473556518555,-43.95740000406901,-43.960706983293804,-43.95421436854771,-51.27231216430664,-51.256518046061196,-43.93626730782645,-43.94901875087193,-50.24305970328195,-50.241537639072966,-50.23367364065988,-51.26533593071832,-48.834059185451935,-47.93784898700137,-47.07955859956287,-45.928897857666016,-43.936486138237846,-43.93755288557573
28.75,0.0,0.0,0.0,0.0,0.0,0.0,0.0,0.0,0.0,-43.946729621108695,-43.93637216658819,-44.40381339405722,-44.39922648604198,-46.07238132476807,-47.26815463335086,-48.30089073181152,-49.41008687019348,-50.200735909598215,-49.43942666053772,-50.212402888706755,-50.17539814540318,-43.89474153518677,-50.17587307521275,-50.19531032017299,-49.42241621017456,-51.249467849731445,-49.38472890853882,-50.15197590419224,-49.383251428604126,-43.89875085013254,-51.21724955240885,-50.191014426095144,-43.92037309919085,-43.90941783360073,-43.9129387991769,-43.933669090270996,-43.95576858520508,-43.963243212018696,-43.96328926086426,-43.95625632149832,-43.947357177734375
28.74,0.0,0.0,0.0,0.0,0.0,0.0,0.0,0.0,0.0,-43.946266651153564,-44.453563292687676,-44.40391429074898,-44.39396898797218,-46.07350578308105,-43.89412542489859,-48.29537849426269,-43.92190933227539,-50.20580618722098,-43.94263696670532,-43.9334602355957,-50.17911829267229,-49.380122661590576,-43.90558079310826,-50.19579723903111,-49.426393032073975,-51.24371910095215,-49.37905311584473,-50.151615960257395,-43.89059829711914,-50.16963659014021,-51.216241200764976,-50.191228594098774,-50.198856353759766,-50.18016542707171,-43.9129387991769,-43.933669090270996,-43.95576858520508,-43.963243212018696,-43.96328926086426,-43.95625632149832,-43.947357177734375
28.73,0.0,0.0,0.0,0.0,0.0,0.0,0.0,0.0,0.0,-43.945978005727135,-43.936535868925205,-43.9316337666613,-43.92762163852124,-43.87849292755127,-43.89412542489859,-43.90500984191895,-43.92190933227539,-43.9289436340332,-43.94263696670532,-43.9334602355957,-43.907383510044646,-43.89474153518677,-43.90558079310826,-43.919974190848215,-43.93272638320923,-43.9209181467692,-43.8974814414978,-43.88640921456473,-43.89059829711914,-43.89875085013254,-43.90423711140951,-43.91376985822405,-50.19448035103934,-50.18058368137905,-50.18481281825474,-49.424489974975586,-43.95576858520508,-43.963243212018696,-43.96328926086426,-43.95625632149832,-43.947357177734375
28.72,0.0,0.0,0.0,0.0,0.0,0.0,0.0,0.0,0.0,-43.94585134627971,-43.936535868925205,-43.9316337666613,-43.92762163852124,-43.87393409327457,-43.89412542489859,-43.90500984191895,-43.92190933227539,-43.9289436340332,-43.94263696670532,-43.9334602355957,-43.907383510044646,-43.89474153518677,-43.90558079310826,-43.919974190848215,-43.93272638320923,-43.9209181467692,-43.8974814414978,-43.88640921456473,-43.89059829711914,-43.89875085013254,-43.90423711140951,-43.91376985822405,-43.92037309919085,-43.90941783360073,-43.9129387991769,-49.42944574356079,-50.23482767740886,-43.959935665130615,-43.962680271693635,-43.95625632149832,-43.947357177734375
28.71,0.0,0.0,0.0,0.0,0.0,0.0,0.0,0.0,0.0,-43.94790613928507,-44.4473376606786,-43.9316337666613,-43.92762163852124,-43.87393409327457,-43.89412542489859,-43.90500984191895,-43.92190933227539,-43.9289436340332,-43.94263696670532,-43.9334602355957,-43.907383510044646,-43.89474153518677,-43.90558079310826,-43.919974190848215,-43.93272638320923,-43.9209181467692,-43.8974814414978,-43.88640921456473,-43.89238739013672,-43.90415827433268,-43.90423711140951,-43.91685930887858,-43.92037309919085,-43.90941783360073,-43.9129387991769,-43.933669090270996,-43.95576858520508,-49.45602059364319,-43.962680271693635,-43.95625632149832,-43.947357177734375
28.7,0.0,0.0,0.0,0.0,0.0,0.0,0.0,0.0,0.0,-43.94945297241211,-43.93658655743266,-43.93173125417609,-43.92765643471166,-43.87393409327457,-43.89412542489859,-43.90500984191895,-43.92190933227539,-43.9289436340332,-43.94263696670532,-43.9334602355957,-43.907383510044646,-43.89474153518677,-43.90558079310826,-43.919974190848215,-43.93272638320923,-43.9209181467692,-43.89007404872349,-43.88640921456473,-43.89238739013672,-43.90415827433268,-43.90423711140951,-43.91685930887858,-43.92037309919085,-43.90941783360073,-43.9129387991769,-43.9370367867606,-43.95576858520508,-43.959935665130615,-51.29204781850179,-50.234633037022185,-43.947357177734375
28.69,0.0,0.0,0.0,0.0,0.0,0.0,0.0,0.0,0.0,-43.94814762316252,-44.455102135153375,-43.932066085490774,-43.92765643471166,-43.87530326843262,-43.89146169026693,-43.90602535671658,-43.92190933227539,-43.9289436340332,-43.94242313929966,-43.9334602355957,-43.907383510044646,-43.89474153518677,-43.90558079310826,-43.919974190848215,-43.93272638320923,-43.9209181467692,-43.89007404872349,-43.88640921456473,-43.89238739013672,-43.90415827433268,-43.90423711140951,-43.91685930887858,-43.92037309919085,-43.90941783360073,-43.9129387991769,-43.9370367867606,-43.95576858520508,-43.959935665130615,-43.96328926086426,-43.95625632149832,-54.933876514434814
28.65,0.0,0.0,0.0,0.0,0.0,0.0,0.0,0.0,0.0,-43.942891693115236,-44.44480124287222,-43.93266296386719,-43.910220399194834,-43.87905906228458,-43.89066210660067,-43.90241050720215,-43.92190933227539,-43.9289436340332,-43.95018196105957,-43.9334602355957,-43.907383510044646,-43.88107426961263,-43.90558079310826,-43.91508102416992,-43.93941307067871,-43.9209181467692,-43.89007404872349,-43.884480794270836,-43.89238739013672,-43.90415827433268,-43.90423711140951,-43.92461624145508,-43.92037309919085,-43.90941783360073,-43.9129387991769,-43.9370367867606,-43.95576858520508,-43.963243212018696,-43.96328926086426,-43.95625632149832,-43.947357177734375
28.61,0.0,0.0,0.0,0.0,0.0,0.0,0.0,0.0,0.0,-43.95244534810384,-44.45360520828602,-43.93418230329241,-43.894233491685654,-43.87219047546387,-43.89091703626845,-43.90241050720215,-43.922258377075195,-43.92748769124349,-43.95018196105957,-43.945678075154625,-43.89869499206543,-43.8770034790039,-43.9009215037028,-43.92156448364258,-43.93941307067871,-43.9209181467692,-43.87858276367187,-43.87254409790039,-43.900020599365234,-43.897332763671876,-43.90423711140951,-43.92461624145508,-43.92208607991537,-43.90941783360073,-43.915889739990234,-43.93337186177572,-43.955186208089195,-43.96644910176595,-43.96328926086426,-43.95575523376465,-43.947357177734375
28.59,0.0,0.0,0.0,0.0,0.0,0.0,0.0,0.0,0.0,-43.951145807902016,-44.461443463493794,-43.93517101054289,-43.88778700147356,-43.8867021040483,-43.89091703626845,-43.90233285086496,-43.9168701171875,-43.91695938110352,-43.9583740234375,-43.95736503601074,-43.90101089477539,-43.8770034790039,-43.9009215037028,-43.92156448364258,-43.93993453979492,-43.92159805297852,-43.87858276367187,-43.87254409790039,-43.90823135375977,-43.897332763671876,-43.895734786987305,-43.937764167785645,-43.92208607991537,-43.897734832763675,-43.90582504272461,-43.93337186177572,-43.96091003417969,-43.96644910176595,-43.96328926086426,-43.95575523376465,-43.95088195800781
28.56,0.0,0.0,0.0,0.0,0.0,0.0,0.0,0.0,0.0,-43.95439465840658,-44.52192212389661,-43.93981324028723,-43.903647030101105,-43.8914909362793,-43.896780014038086,-43.91762828826904,-43.90223693847656,-43.91437657674154,-43.96222432454427,-43.94977696736654,-43.893463134765625,-43.87722873687744,-43.903814951578774,-43.92962519327799,-43.94292163848877,-43.9388542175293,-43.8834867477417,-43.87753677368164,-43.91225719451904,-43.890158335367836,-43.87504959106445,-43.94410196940104,-43.921122233072914,-43.89248085021973,-43.90582504272461,-43.94116401672363,-43.96091003417969,-43.966050720214845,-43.96328926086426,-43.9515739440918,-43.95088195800781
28.54,0.0,0.0,0.0,0.0,0.0,0.0,0.0,0.0,0.0,-43.95582962036133,-46.05053983415876,-43.933834075927734,-43.926513671875,-43.8083610534668,-43.876081466674805,-43.926443099975586,-43.87316131591797,-43.90922164916992,0.0,-43.952598571777344,-43.86015319824219,-43.88304901123047,-43.88266372680664,-43.93076133728027,-43.917518615722656,-43.936805725097656,-43.85257339477539,-43.8527774810791,0.0,-43.89620018005371,-43.87202453613281,-43.94146156311035,-43.93406677246094,-43.89718500773112,-43.905443827311196,-43.945596059163414,-43.956613540649414,-43.966050720214845,-43.96028709411621,-43.9515739440918,-43.95088195800781
28.51,0.0,0.0,0.0,0.0,0.0,0.0,0.0,0.0,0.0,-43.96020168728299,-45.78397846221924,-43.95434752754543,-43.956112670898435,0.0,0.0,0.0,0.0,0.0,0.0,0.0,0.0,0.0,0.0,0.0,0.0,0.0,0.0,0.0,0.0,0.0,0.0,0.0,0.0,0.0,0.0,0.0,-43.95720672607422,-43.97809600830078,-43.960628509521484,-43.95013682047526,-43.94607734680176
28.48,0.0,0.0,0.0,0.0,0.0,0.0,0.0,0.0,0.0,-43.96232719421387,-45.37714964343655,-43.95803574153355,-43.957078297932945,0.0,0.0,0.0,0.0,0.0,0.0,0.0,0.0,0.0,0.0,0.0,0.0,0.0,0.0,0.0,0.0,0.0,0.0,0.0,0.0,0.0,0.0,0.0,0.0,0.0,0.0,0.0,0.0
28.47,0.0,0.0,0.0,0.0,0.0,0.0,0.0,0.0,0.0,-43.96524276733398,-45.14709812886006,-43.95939414731918,-43.95991134643555,0.0,0.0,0.0,0.0,0.0,0.0,0.0,0.0,0.0,0.0,0.0,0.0,0.0,0.0,0.0,0.0,0.0,0.0,0.0,0.0,0.0,0.0,0.0,0.0,0.0,0.0,0.0,0.0
28.45,0.0,0.0,0.0,0.0,0.0,0.0,0.0,0.0,0.0,-43.96496925354004,-44.86013770590023,-43.9633367061615,-43.965366908482146,-43.98199081420898,-44.01129913330078,-44.00768661499024,-43.97381591796875,-43.98151397705078,0.0,0.0,0.0,0.0,0.0,0.0,0.0,0.0,0.0,0.0,0.0,0.0,0.0,0.0,0.0,0.0,0.0,0.0,0.0,0.0,0.0,0.0,0.0
28.44,0.0,0.0,0.0,0.0,0.0,0.0,0.0,0.0,0.0,-43.962703704833984,-44.585581043788366,-43.96463064047006,-43.96863382512873,-43.98199081420898,-44.00259780883789,-44.014020919799805,-43.969337463378906,-43.970333099365234,-43.97057723999024,-43.95827102661133,-43.9793815612793,-43.93902778625488,-43.94839477539063,0.0,0.0,0.0,0.0,0.0,0.0,0.0,0.0,0.0,0.0,0.0,0.0,0.0,0.0,0.0,0.0,0.0,0.0
28.42,0.0,0.0,0.0,0.0,0.0,0.0,0.0,0.0,0.0,-43.96634165445963,-44.553101977786504,-43.95930721885279,-43.96734090951773,-43.978467305501304,-44.00830936431885,-44.010047912597656,-43.98025894165039,-43.96850840250651,-43.950887044270836,-43.94649124145508,-43.98119608561198,-43.942970275878906,-43.94550069173177,-43.92483711242676,-43.99021911621094,-43.96335220336914,-43.95068550109863,-43.98916244506836,-43.99516296386719,-44.00135803222656,-43.94848442077637,-43.950904846191406,-43.868438720703125,0.0,0.0,0.0,0.0,0.0,0.0,-43.87356948852539,-43.93683942159017
28.4,0.0,0.0,0.0,0.0,0.0,0.0,0.0,0.0,0.0,-43.95968424479167,-44.5615892279638,-43.95962188720703,-43.968301137288414,-43.97875213623047,-44.003045654296876,-44.0030517578125,-43.98057270050049,-43.969983673095705,-43.95317840576172,-43.96184539794922,-43.97048282623291,-43.946523666381836,-43.937185287475586,-43.94759654998779,-43.9859676361084,-43.97493839263916,-43.95791244506836,-43.98388957977295,-44.00226338704427,-43.99138164520264,-43.9492769241333,-43.962284088134766,-43.931844075520836,-43.942230224609375,-43.92502212524414,-43.974910736083984,-43.98074849446615,-43.931800842285156,-43.905158042907715,-43.93705286298479,-43.9489803314209
28.39,0.0,0.0,0.0,0.0,0.0,0.0,0.0,0.0,0.0,-43.95626703898112,-44.56192612321409,-43.95925552368164,-43.963114166259764,-43.97875213623047,-44.003045654296876,-44.0030517578125,-43.98057270050049,-43.969983673095705,-43.95317840576172,-43.96184539794922,-43.97048282623291,-43.946523666381836,-43.93741683959961,-43.94759654998779,-43.9859676361084,-43.97493839263916,-43.95791244506836,-43.98388957977295,-44.002081871032715,-43.99138164520264,-43.9492769241333,-43.95363521575928,-43.931844075520836,-43.942230224609375,-43.92502212524414,-43.976290702819824,-43.97992992401123,-43.93206659952799,-43.905158042907715,-43.9357447904699,-43.94022342136928
28.38,0.0,0.0,0.0,0.0,0.0,0.0,0.0,0.0,0.0,-43.959672927856445,-44.56106170236248,-43.95925552368164,-43.96246439615886,-43.97875213623047,-44.003045654296876,-44.0030517578125,-43.98599548339844,-43.969983673095705,-43.95317840576172,-43.963591766357425,-43.97048282623291,-43.946523666381836,-43.93741683959961,-43.94951400756836,-43.9859676361084,-43.97493839263916,-43.95791244506836,-43.98388957977295,-44.002081871032715,-43.99138164520264,-43.9492769241333,-43.95363521575928,-43.94586372375488,-43.942230224609375,-43.93842697143555,-43.961752319335936,-43.980760955810545,-43.931727818080354,-43.91725644198331,-43.934179132634945,-43.93896509806315
28.37,0.0,0.0,0.0,0.0,0.0,0.0,0.0,0.0,0.0,-43.9617277446546,-44.56117426205988,-43.95925552368164,-43.96092897302964,-43.97875213623047,-44.003045654296876,-44.0030517578125,-43.98599548339844,-43.969983673095705,-43.95317840576172,-43.963591766357425,-43.96272964477539,-43.9451400756836,-43.93741683959961,-43.94951400756836,-43.9859676361084,-43.97203826904297,-43.966637420654294,-43.97529830932617,-44.002081871032715,-43.99138164520264,-43.95700607299805,-43.93659591674805,-43.94586372375488,-43.92378234863281,-43.93842697143555,-43.961752319335936,-43.980760955810545,-43.93816804885864,-43.91725644198331,-43.93455720984417,-43.93758678436279
28.36,0.0,0.0,0.0,0.0,0.0,0.0,0.0,0.0,0.0,-43.96151195872914,-44.56105391619957,-43.959049224853516,-43.96146106719971,-43.97875213623047,-44.003045654296876,-44.0030517578125,-43.98599548339844,-43.969983673095705,-43.95317840576172,-43.963591766357425,-43.96272964477539,-43.955601374308266,-43.93741683959961,-43.94951400756836,-43.96826680501302,-43.97203826904297,-43.966637420654294,-43.97529830932617,-43.997023010253905,-43.99138164520264,-43.95700607299805,-43.93659591674805,-43.94586372375488,-43.92378234863281,-43.94709930419922,-43.961752319335936,-43.977809270222984,-43.93816804885864,-43.920752598689155,-43.93455720984417,-43.93758678436279
28.35,0.0,0.0,0.0,0.0,0.0,0.0,0.0,0.0,0.0,-43.9590985333478,-44.56972196367052,-43.959049224853516,-43.963472820463636,-43.97875213623047,-44.003045654296876,-44.0030517578125,-43.98152160644531,-43.969983673095705,-43.95317840576172,-43.963591766357425,-43.9588934580485,-43.955601374308266,-43.93741683959961,-43.94951400756836,-43.96826680501302,-43.97688293457031,-43.966637420654294,-43.97529830932617,-43.9952278137207,-43.97864303588867,-43.95700607299805,-43.93659591674805,-43.94586372375488,-43.91974563598633,-43.94709930419922,-43.96533521016439,-43.97837775094168,-43.93869103325738,-43.920795168195454,-43.93455720984417,-43.93992794261259
28.34,0.0,0.0,0.0,0.0,0.0,0.0,0.0,0.0,0.0,-43.96473188658018,-44.56903081470065,-43.95916925717707,-43.961156390962145,-43.97875213623047,-44.003045654296876,-43.99628775460379,-43.98152160644531,-43.969983673095705,-43.95317840576172,-43.96146901448568,-43.9588934580485,-43.955601374308266,-43.93741683959961,-43.96328099568685,-43.96826680501302,-43.97688293457031,-43.966637420654294,-43.97529830932617,-43.9952278137207,-43.98166847229004,-43.95700607299805,-43.93659591674805,-43.94599723815918,-43.91974563598633,-43.94709930419922,-43.96533521016439,-43.970080852508545,-43.93646240234375,-43.91764678955078,-43.934354623158775,-43.94099680582682
28.33,0.0,0.0,0.0,0.0,0.0,0.0,0.0,0.0,0.0,-43.96473425787848,-44.57770890249333,-43.959173924214134,-43.960487365722656,-43.97875213623047,-44.003045654296876,-43.99628775460379,-43.98152160644531,-43.969983673095705,-43.95845286051432,-43.96146901448568,-43.9588934580485,-43.955601374308266,-43.93741989135742,-43.96328099568685,-43.96826680501302,-43.97688293457031,-43.96773338317871,-43.97833697001139,-43.9952278137207,-43.98166847229004,-43.95700607299805,-43.93659591674805,-43.94599723815918,-43.91974563598633,-43.94709930419922,-43.96533521016439,-43.970080852508545,-43.93646240234375,-43.91764678955078,-43.934354623158775,-43.94099680582682
28.32,0.0,0.0,0.0,0.0,0.0,0.0,0.0,0.0,0.0,-43.958350889144405,-44.57724375120351,-43.959173924214134,-43.95979093468708,-43.97875213623047,-44.00288836161295,-43.99628775460379,-43.987069266183035,-43.969983673095705,-43.95845286051432,-43.96146901448568,-43.9588934580485,-43.955601374308266,-43.93741989135742,-43.96328099568685,-43.96826680501302,-43.97688293457031,-43.96773338317871,-43.97833697001139,-43.9952278137207,-43.98166847229004,-43.96691576639811,-43.93659591674805,-43.94599723815918,-43.93062845865885,-43.94709930419922,-43.96722521100725,-43.970080852508545,-43.93646240234375,-43.91665601730347,-43.934354623158775,-43.94099680582682
28.31,0.0,0.0,0.0,0.0,0.0,0.0,0.0,0.0,0.0,-43.95801100183706,-44.57027633984884,-43.95942431933259,-43.96088993549347,-43.98015213012695,-44.00288836161295,-43.99628775460379,-43.987069266183035,-43.969983673095705,-43.95845286051432,-43.96146901448568,-43.9588934580485,-43.955601374308266,-43.93741989135742,-43.96328099568685,-43.96826680501302,-43.97688293457031,-43.96773338317871,-43.97833697001139,-43.9952278137207,-43.98166847229004,-43.96691576639811,-43.93659591674805,-43.94599723815918,-43.93062845865885,-43.94709930419922,-43.96722521100725,-43.970080852508545,-43.938038190205894,-43.92152235243056,-43.934354623158775,-43.939770347193665
28.3,0.0,0.0,0.0,0.0,0.0,0.0,0.0,0.0,0.0,-43.95724989573161,-44.57893081450126,-43.95942431933259,-43.96539115905762,-43.98015213012695,-44.00288836161295,-43.99628775460379,-43.987069266183035,-43.96214167277018,-43.95845286051432,-43.96146901448568,-43.95375605991909,-43.955601374308266,-43.93741989135742,-43.96328099568685,-43.96826680501302,-43.97688293457031,-43.96773338317871,-43.97833697001139,-43.9952278137207,-43.98166847229004,-43.96691576639811,-43.94204330444336,-43.94599723815918,-43.93560573032924,-43.946257909139,-43.96722521100725,-43.970080852508545,-43.938038190205894,-43.92152235243056,-43.932445678710934,-43.939770347193665
28.29,0.0,0.0,0.0,0.0,0.0,0.0,0.0,0.0,0.0,-43.95744264536891,-44.57833577545596,-43.95942431933259,-43.96520587376186,-43.985895429338726,-44.00288836161295,-43.99628775460379,-43.987069266183035,-43.96214167277018,-43.95845286051432,-43.96146901448568,-43.95375605991909,-43.955601374308266,-43.93741989135742,-43.96328099568685,-43.96826680501302,-43.97688293457031,-43.96773338317871,-43.97833697001139,-43.9952278137207,-43.98166847229004,-43.96691576639811,-43.94204330444336,-43.94599723815918,-43.93560573032924,-43.950717381068635,-43.96722521100725,-43.95874574449327,-43.938038190205894,-43.923070204885384,-43.932445678710934,-43.939770347193665
28.28,0.0,0.0,0.0,0.0,0.0,0.0,0.0,0.0,0.0,-43.95744264536891,-44.57892216427226,-43.95954937405057,-43.95883735281522,-43.985895429338726,-44.00288836161295,-43.99628775460379,-43.987069266183035,-43.96785027640207,-43.95845286051432,-43.96146901448568,-43.95375605991909,-43.955601374308266,-43.93741989135742,-43.96328099568685,-43.96826680501302,-43.97688293457031,-43.96773338317871,-43.97833697001139,-43.9952278137207,-43.98166847229004,-43.96691576639811,-43.94204330444336,-43.94599723815918,-43.93560573032924,-43.950717381068635,-43.959571838378906,-43.95874574449327,-43.938038190205894,-43.923070204885384,-43.932445678710934,-43.939770347193665
28.27,0.0,0.0,0.0,0.0,0.0,0.0,0.0,0.0,0.0,-43.957626141999896,-44.58761174727459,-43.959480500557056,-43.95913054148356,-43.985895429338726,-44.00288836161295,-43.99628775460379,-43.987069266183035,-43.96785027640207,-43.95845286051432,-43.96146901448568,-43.95375605991909,-43.955601374308266,-43.93741989135742,-43.96328099568685,-43.96826680501302,-43.97688293457031,-43.96773338317871,-43.97833697001139,-43.99152101789202,-43.98166847229004,-43.96691576639811,-43.94204330444336,-43.94599723815918,-43.93560573032924,-43.950717381068635,-43.959571838378906,-43.95874574449327,-43.932688786433296,-43.926631927490234,-43.932445678710934,-43.939770347193665
28.26,0.0,0.0,0.0,0.0,0.0,0.0,0.0,0.0,0.0,-43.95755185213956,-44.597050481602764,-43.959480500557056,-43.960785175191944,-43.985895429338726,-44.00288836161295,-43.99628775460379,-43.987069266183035,-43.96785027640207,-43.95845286051432,-43.96146901448568,-43.95375605991909,-43.95977619716099,-43.93741989135742,-43.96328099568685,-43.96826680501302,-43.97688293457031,-43.96773338317871,-43.97833697001139,-43.99152101789202,-43.98166847229004,-43.96691576639811,-43.94204330444336,-43.94028309413365,-43.93560573032924,-43.950717381068635,-43.959571838378906,-43.95874574449327,-43.932688786433296,-43.926631927490234,-43.932445678710934,-43.93620662689209
28.25,0.0,0.0,0.0,0.0,0.0,0.0,0.0,0.0,0.0,-43.95818929319029,-44.597000813138656,-44.58763215201242,-43.96052638271399,-43.985895429338726,-51.33665466308594,-43.99628775460379,-43.987069266183035,-43.96785027640207,-43.95845286051432,-43.96146901448568,-43.95375605991909,-43.95977619716099,-43.93741989135742,-43.96328099568685,-43.96826680501302,-43.97688293457031,-43.96773338317871,-43.97833697001139,-43.99152101789202,-43.98166847229004,-43.96691576639811,-43.94204330444336,-43.94028309413365,-43.93560573032924,-43.950717381068635,-43.959571838378906,-43.95874574449327,-43.932688786433296,-43.926631927490234,-43.92996949415941,-43.93620662689209
28.24,0.0,0.0,0.0,0.0,0.0,0.0,0.0,0.0,0.0,-43.9585089773502,-44.605854317253716,-44.60613015118767,-44.758180340853606,-50.26903697422573,-44.00288836161295,-50.28343745640346,-50.26840318952288,-50.24932643345424,-51.286882400512695,-51.2878475189209,-50.236524854387554,-50.23668234688895,-51.263617197672524,-43.96328099568685,-43.96826680501302,-43.97688293457031,-43.96773338317871,-43.97833697001139,-43.99152101789202,-43.98166847229004,-43.96691576639811,-43.94204330444336,-43.94028309413365,-43.93560573032924,-43.950717381068635,-43.959571838378906,-43.95874574449327,-43.932688786433296,-43.926631927490234,-43.92996949415941,-43.93620662689209
28.23,0.0,0.0,0.0,0.0,0.0,0.0,0.0,0.0,0.0,-43.95886567059685,-43.95954282356031,-43.95935883241541,-43.959505004882814,-43.985895429338726,-44.00288836161295,-43.99628775460379,-43.987069266183035,-43.96785027640207,-43.95845286051432,-51.28195762634277,-43.95375605991909,-50.236877986363005,-51.260687510172524,-51.28408718109131,-51.30436865488688,-51.3024648030599,-51.292847633361816,-51.30986404418945,-50.27677753993443,-43.98166847229004,-43.96691576639811,-43.94204330444336,-43.94028309413365,-43.93560573032924,-43.950717381068635,-43.959571838378906,-43.95874574449327,-43.932688786433296,-43.929910750616166,-43.92996949415941,-43.93620662689209
28.22,0.0,0.0,0.0,0.0,0.0,0.0,0.0,0.0,0.0,-43.95762877768659,-43.95954282356031,-43.95909688010145,-43.958444180695906,-43.985895429338726,-44.00288836161295,-43.99628775460379,-43.987069266183035,-43.96785027640207,-43.95845286051432,-43.96146901448568,-43.95375605991909,-43.95977619716099,-43.93741989135742,-43.96328099568685,-43.96826680501302,-51.30575180053711,-43.96773338317871,-43.97833697001139,-50.27631105695452,-51.3152281443278,-51.2951291402181,-51.26719411214193,-43.94028309413365,-43.93560573032924,-43.950717381068635,-43.959571838378906,-43.9594181060791,-43.93588774544852,-43.929910750616166,-43.92996949415941,-46.13497893015544
28.21,0.0,0.0,0.0,0.0,0.0,0.0,0.0,0.0,0.0,-43.95762877768659,-43.95927564180814,-43.95909688010145,-43.958829415811074,-43.985895429338726,-44.00288836161295,-43.99628775460379,-43.987069266183035,-43.96785027640207,-43.95845286051432,-43.96146901448568,-43.95375605991909,-43.955601374308266,-43.93741989135742,-43.96328099568685,-43.96826680501302,-43.97688293457031,-43.96773338317871,-43.97833697001139,-43.99152101789202,-43.98166847229004,-51.28819719950358,-43.94204330444336,-50.21553175789969,-50.215655190604075,-50.22725078037807,-43.959571838378906,-43.9594181060791,-47.072713306971956,-46.02104904538109,-45.61952344780294,-46.133161435808454
28.2,0.0,0.0,0.0,0.0,0.0,0.0,0.0,0.0,0.0,-43.95821985991105,-43.95927564180814,-43.95879404472582,-43.953106910951675,-43.985895429338726,-44.00288836161295,-43.99628775460379,-43.987069266183035,-43.96785027640207,-43.95845286051432,-43.96146901448568,-43.95375605991909,-43.955601374308266,-43.93741989135742,-43.96328099568685,-43.96826680501302,-43.97688293457031,-43.96773338317871,-43.97833697001139,-43.99152101789202,-43.98166847229004,-43.96691576639811,-43.94204330444336,-43.94028309413365,-43.93560573032924,-50.222660064697266,-49.45702576637268,-48.35749295552572,-47.075033732822966,-46.02071666717529,-43.92996949415941,-43.93620662689209
27.76,0.0,0.0,0.0,0.0,0.0,0.0,0.0,0.0,0.0,-44.019067563508685,-44.00710604564253,-44.485749452010445,-44.006080135222405,-43.99748134613037,-43.989954812186106,-48.389665603637695,-48.89541668362088,-51.34891128540039,-49.50205755233765,-43.983119419642854,-43.97555494308472,-50.24805886404855,-50.25518935067313,-49.48354244232178,-50.28322655814035,-50.28774806431362,-49.51372265815735,-50.29213115147182,-49.49824094772339,-50.28788539341518,-50.31459127153669,-49.532915115356445,-51.37332661946615,-44.0249924659729,-43.999565669468474,-43.980751037597656,-43.97238731384277,-43.98606745402018,-43.99232546488444,-43.988856633504234,-43.978636741638184
27.75,0.0,0.0,0.0,0.0,0.0,0.0,0.0,0.0,0.0,-44.01866697653746,-44.00710604564253,-44.480931900499655,-44.47931303619057,-46.196688117980955,-47.131163551693874,-48.39155553181966,-48.89452192518446,-51.34827518463135,-44.0041708946228,-50.26730709984189,-49.47047662734985,-50.25045803615025,-43.97386605398996,-49.47934627532959,-50.27981676374163,-50.292698451450896,-44.012393951416016,-44.002706800188335,-49.503690242767334,-50.29532514299665,-50.31428527832031,-49.53205156326294,-51.37350845336914,-49.5299186706543,-50.289302825927734,-43.980751037597656,-51.302537282307945,-43.98606745402018,-43.99232546488444,-43.988856633504234,-43.978636741638184
27.74,0.0,0.0,0.0,0.0,0.0,0.0,0.0,0.0,0.0,-44.01866697653746,-44.00783997490292,-44.4809584822706,-44.479185627352805,-46.198086738586426,-43.989954812186106,-43.99192924499512,-44.00551011827257,-44.0110886891683,-44.0041708946228,-43.983119419642854,-43.97555494308472,-43.967860630580354,-43.97386605398996,-43.98389530181885,-43.99587740216936,-44.0045166015625,-44.012393951416016,-44.002706800188335,-44.00597953796387,-44.004185267857146,-44.02469689505441,-44.028523445129395,-44.03462155659994,-44.0249924659729,-50.28472818647112,-50.25915854317801,-51.30009015401205,-51.31985664367676,-51.32052739461263,-43.988856633504234,-43.978636741638184
27.73,0.0,0.0,0.0,0.0,0.0,0.0,0.0,0.0,0.0,-44.0190947683234,-44.00783997490292,-44.48083898072602,-44.006080135222405,-43.99748134613037,-43.989954812186106,-43.99192924499512,-44.00551011827257,-44.0110886891683,-44.0041708946228,-43.983119419642854,-43.97555494308472,-43.967860630580354,-43.97386605398996,-43.98389530181885,-43.99587740216936,-44.0045166015625,-44.012393951416016,-44.002706800188335,-44.00308118547712,-44.004185267857146,-44.02469689505441,-44.028523445129395,-44.03462155659994,-44.0249924659729,-43.999565669468474,-43.980751037597656,-43.97238731384277,-43.98606745402018,-51.33034706115723,-51.32091204325358,-54.974117279052734
27.69,0.0,0.0,0.0,0.0,0.0,0.0,0.0,0.0,0.0,-43.998308181762695,-44.00958108340993,-44.47730190195936,-44.00560800652755,-43.9951163397895,-43.986900329589844,-43.98968717787001,-44.00551011827257,-44.0110886891683,-44.00345829554966,-43.9782969156901,-43.97555494308472,-43.967860630580354,-43.97386605398996,-43.98711068289621,-43.99587740216936,-44.0045166015625,-44.01415198189871,-44.002706800188335,-44.00308118547712,-44.004185267857146,-44.02469689505441,-44.03065000261579,-44.03462155659994,-44.02354376656668,-43.999565669468474,-43.980751037597656,-43.97238731384277,-43.98606745402018,-43.99232546488444,-43.988856633504234,-43.98886235555013
27.65,0.0,0.0,0.0,0.0,0.0,0.0,0.0,0.0,0.0,-43.99839782714844,-44.009763895079146,-44.47227184897975,-43.99818604080765,-43.99690246582031,-43.987643241882324,-43.987253189086914,-44.00141525268555,-44.0110886891683,-44.00962893168131,-43.9782969156901,-43.97370147705078,-43.967860630580354,-43.97386605398996,-43.98494784037272,-43.99587740216936,-44.00146929423014,-44.013604482014976,-44.002706800188335,-44.00074768066406,-43.99950726826986,-44.02295748392741,-44.03138033548991,-44.03462155659994,-44.02967325846354,-43.99722035725912,-43.980751037597656,-43.96951141357422,-43.99368896484375,-43.99232546488444,-43.988856633504234,-43.98886235555013
27.63,0.0,0.0,0.0,0.0,0.0,0.0,0.0,0.0,0.0,-44.008873748779294,-44.00855443617877,-44.46683704853058,-44.001035113667335,-43.997623682022095,-43.9875339161266,-43.987253189086914,-44.00141525268555,-44.0110886891683,-44.006167602539065,-43.9782969156901,-43.97370147705078,-43.97459182739258,-43.97316233317057,-43.983890533447266,-43.99808692932129,-44.00146929423014,-44.013604482014976,-44.002706800188335,-43.99330139160156,-43.99950726826986,-44.02295748392741,-44.030992126464845,-44.03462155659994,-44.029161834716795,-43.99722035725912,-43.97284952799479,-43.96951141357422,-43.99368896484375,-43.99232546488444,-43.988856633504234,-43.98886235555013
27.6,0.0,0.0,0.0,0.0,0.0,0.0,0.0,0.0,0.0,-44.02193603515625,-44.00788647787912,-44.46150946862919,-44.004565596580505,-43.99732971191406,-43.99138689041138,-43.98987306867327,-43.999671936035156,-44.0110886891683,-44.006167602539065,-43.980961608886716,-43.968309020996095,-43.97459182739258,-43.965880393981934,-43.983890533447266,-44.00498275756836,-44.001709938049316,-44.00764694213867,-44.01479949951172,-43.99330139160156,-43.99398498535156,-44.03036880493164,-44.030992126464845,-44.03462155659994,-44.029161834716795,-44.00687713623047,-43.971239471435545,-43.97469711303711,-44.00055694580078,-43.98170280456543,-43.98100204467774,-43.98886235555013
27.58,0.0,0.0,0.0,0.0,0.0,0.0,0.0,0.0,0.0,-44.03622131347656,-44.0080453360953,-44.4611143131846,-44.01075575086806,-43.9946502049764,-43.99361528669085,-43.993805694580075,-43.999671936035156,-44.020583152770996,-44.006167602539065,-43.98042869567871,-43.96581745147705,-43.97459182739258,-43.965880393981934,-43.983890533447266,-44.00348790486654,-44.001709938049316,-44.00524044036865,-44.025970458984375,-43.98077869415283,-43.99705982208252,-44.03090476989746,-44.030992126464845,-44.02858066558838,-44.029161834716795,-44.00687713623047,-43.96267223358154,-43.97469711303711,-44.00392150878906,-43.98170280456543,-43.98100204467774,-43.98886235555013
27.55,0.0,0.0,0.0,0.0,0.0,0.0,0.0,0.0,0.0,-44.052591705322264,-44.011585116386414,-44.52282176298254,-44.021426900227866,-43.997410456339516,-43.985718727111816,-43.99153804779053,-44.00110626220703,-44.024391174316406,-43.98309326171875,-43.98354911804199,-43.959373474121094,-43.97818183898926,0.0,-43.98039245605469,-43.98757553100586,-44.01727294921875,-44.0068588256836,-44.04339218139648,-43.98168563842773,-44.03797912597656,-44.02711868286133,-44.02822494506836,-44.03277587890625,-44.03940963745117,-44.00681177775065,-43.961490631103516,-43.97355842590332,-44.015432357788086,-43.988850911458336,-43.97754160563151,-44.003164291381836
27.52,0.0,0.0,0.0,0.0,0.0,0.0,0.0,0.0,0.0,-44.04490966796875,-44.010915507440984,-46.01342183893377,-44.05295867919922,0.0,0.0,0.0,0.0,0.0,0.0,0.0,0.0,0.0,0.0,0.0,0.0,0.0,0.0,0.0,0.0,0.0,0.0,0.0,0.0,0.0,0.0,0.0,0.0,0.0,0.0,0.0,0.0
27.51,0.0,0.0,0.0,0.0,0.0,0.0,0.0,0.0,0.0,-44.04490966796875,-44.0140942793626,-45.775123596191406,-44.04588762919108,0.0,0.0,0.0,0.0,0.0,0.0,0.0,0.0,0.0,0.0,0.0,0.0,0.0,0.0,0.0,0.0,0.0,0.0,0.0,0.0,0.0,0.0,0.0,0.0,0.0,0.0,0.0,0.0
27.47,0.0,0.0,0.0,0.0,0.0,0.0,0.0,0.0,0.0,-44.0076117515564,-45.039549894111104,-44.01617240905762,-44.01701211929321,-44.07571792602539,0.0,-44.066322326660156,-44.01982879638672,-44.02633285522461,-44.06630706787109,0.0,0.0,0.0,0.0,0.0,0.0,0.0,0.0,0.0,0.0,0.0,0.0,0.0,0.0,0.0,0.0,0.0,0.0,0.0,0.0,0.0,0.0
27.45,0.0,0.0,0.0,0.0,0.0,0.0,0.0,0.0,0.0,-43.984214782714844,-44.26842368828071,-44.025945080968434,-44.009243435329864,-44.05943934122721,-44.03357187906901,-44.05381393432617,-44.03701527913412,-44.043975830078125,-44.06041240692139,-44.04130554199219,-44.01359939575195,-44.0394344329834,-44.04048156738281,-44.00294876098633,-44.0521240234375,-44.01519966125488,0.0,0.0,0.0,0.0,0.0,0.0,-43.93811798095703,0.0,0.0,0.0,0.0,0.0,0.0,0.0,0.0
27.43,0.0,0.0,0.0,0.0,0.0,0.0,0.0,0.0,0.0,-43.98883607652452,-44.255405821330804,-44.027470045823314,-44.00636100769043,-44.04998970031738,-44.03357187906901,-44.0460786819458,-44.03434467315674,-44.0436429977417,-44.06041240692139,-44.04130554199219,-44.01364008585612,-44.03580284118652,-44.01065444946289,-44.01545810699463,-44.05020713806152,-44.01519966125488,-44.022507985432945,-44.04386647542318,-44.01931635538737,-43.98727226257324,-43.96239980061849,-43.97872543334961,-43.940207163492836,-43.985740661621094,-44.00705337524414,-44.02919101715088,-43.99277369181315,-43.99445724487305,-44.00046412150065,-44.01496124267578,-43.96537356906467
27.42,0.0,0.0,0.0,0.0,0.0,0.0,0.0,0.0,0.0,-43.996381586248226,-44.25551030055229,-44.027527595052916,-44.00751713344029,-44.04774169921875,-44.04049301147461,-44.0460786819458,-44.03972702026367,-44.0436429977417,-44.06041240692139,-44.031813621520996,-44.023149490356445,-44.03580284118652,-44.01478862762451,-44.01545810699463,-44.04166316986084,-44.01915168762207,-44.022507985432945,-44.04386647542318,-44.02351474761963,-43.97857411702474,-43.96239980061849,-43.97872543334961,-43.940207163492836,-43.985740661621094,-44.00705337524414,-44.02919101715088,-44.002203369140624,-43.9932492574056,-43.99986028671265,-44.00488771711077,-43.984342721792366
27.41,0.0,0.0,0.0,0.0,0.0,0.0,0.0,0.0,0.0,-43.99680836995443,-44.25534172255758,-44.027527595052916,-44.0095713297526,-44.04774169921875,-44.04753799438477,-44.0460786819458,-44.03972702026367,-44.0394889831543,-44.06041240692139,-44.031813621520996,-44.023149490356445,-44.03580284118652,-44.01478862762451,-44.01545810699463,-44.04166316986084,-44.01915168762207,-44.01343631744385,-44.04386647542318,-44.02351474761963,-43.98939323425293,-43.96239980061849,-43.97872543334961,-43.940207163492836,-43.97383499145508,-44.01532173156738,-44.02919101715088,-44.002203369140624,-43.99250248500279,-44.001332473754886,-44.00109930599437,-43.98624692644392
27.4,0.0,0.0,0.0,0.0,0.0,0.0,0.0,0.0,0.0,-43.995843251546226,-44.25534964843118,-44.0275516412197,-44.00906705856323,-44.04774169921875,-44.04753799438477,-44.0460786819458,-44.03972702026367,-44.0394889831543,-44.05359649658203,-44.031813621520996,-44.023149490356445,-44.03580284118652,-44.01478862762451,-44.01545810699463,-44.04166316986084,-44.01915168762207,-44.01343631744385,-44.038177490234375,-44.02351474761963,-43.98939323425293,-43.97889862060547,-43.97872543334961,-43.940207163492836,-43.97383499145508,-44.006935119628906,-44.02919101715088,-44.00389099121094,-43.99250248500279,-44.00184527310458,-43.99661102294922,-43.98918075561524
27.38,0.0,0.0,0.0,0.0,0.0,0.0,0.0,0.0,0.0,-44.00609588623047,-44.25648610790571,-44.02743192063164,-44.00974318560432,-44.04774169921875,-44.051513036092125,-44.037123362223305,-44.03972702026367,-44.0394889831543,-44.04695065816244,-44.03682518005371,-44.02395782470703,-44.029309844970705,-44.0221664428711,-44.0227912902832,-44.030574798583984,-44.01954345703125,-44.01343631744385,-44.038177490234375,-44.015132904052734,-43.97804336547851,-43.97889862060547,-43.961387634277344,-43.96393966674805,-43.978406524658205,-44.006935119628906,-44.0152473449707,-44.00553458077567,-43.991024017333984,-44.00483703613281,-43.99478184093129,-43.99029278755188
27.37,0.0,0.0,0.0,0.0,0.0,0.0,0.0,0.0,0.0,-44.005496175665606,-44.25663034121195,-44.02743192063164,-44.013356377096734,-44.04774169921875,-44.051513036092125,-44.037123362223305,-44.03972702026367,-44.04395866394043,-44.04695065816244,-44.03682518005371,-44.02727953592936,-44.029309844970705,-44.0221664428711,-44.025739669799805,-44.030574798583984,-44.01954345703125,-44.01958465576172,-44.034912109375,-44.015132904052734,-43.97804336547851,-43.97889862060547,-43.961387634277344,-43.96393966674805,-43.978406524658205,-44.006935119628906,-44.0152473449707,-44.00985860824585,-43.99478263854981,-44.00527736118862,-43.99448792830758,-43.990807701559625
27.36,0.0,0.0,0.0,0.0,0.0,0.0,0.0,0.0,0.0,-44.0069830758231,-44.25550973724207,-44.02743192063164,-44.017208099365234,-44.04458427429199,-44.051513036092125,-44.037123362223305,-44.03972702026367,-44.04395866394043,-44.04695065816244,-44.03682518005371,-44.02727953592936,-44.029309844970705,-44.022148768107094,-44.025739669799805,-44.030574798583984,-44.01954345703125,-44.0223388671875,-44.028107325236,-44.015132904052734,-43.97804336547851,-43.97889862060547,-43.961387634277344,-43.96393966674805,-43.978406524658205,-44.006935119628906,-44.0152473449707,-44.00985860824585,-43.99478263854981,-44.00638173421224,-43.99448792830758,-43.990807701559625
27.35,0.0,0.0,0.0,0.0,0.0,0.0,0.0,0.0,0.0,-44.01270980834961,-44.25633223851522,-44.02721780569442,-44.01811726888021,-44.04458427429199,-44.051628657749724,-44.037123362223305,-44.043375651041664,-44.04395866394043,-44.04695065816244,-44.03682518005371,-44.02727953592936,-44.02251370747884,-44.022148768107094,-44.025739669799805,-44.025970458984375,-44.01954345703125,-44.0223388671875,-44.028107325236,-44.015132904052734,-43.97804336547851,-43.97889862060547,-43.96135266621908,-43.96393966674805,-43.978406524658205,-44.006935119628906,-44.0152473449707,-44.00985860824585,-43.99478263854981,-44.00638173421224,-43.99448792830758,-43.990807701559625
27.34,0.0,0.0,0.0,0.0,0.0,0.0,0.0,0.0,0.0,-44.0137264251709,-44.25639259815216,-44.02721780569442,-44.020847184317454,-44.04458427429199,-44.051628657749724,-44.037123362223305,-44.043375651041664,-44.04395866394043,-44.04695065816244,-44.03682518005371,-44.02727953592936,-44.02251370747884,-44.022148768107094,-44.025739669799805,-44.025970458984375,-44.01954345703125,-44.0223388671875,-44.028107325236,-44.02133242289225,-43.97804336547851,-43.97889862060547,-43.96135266621908,-43.973023096720375,-43.978406524658205,-44.01262601216634,-44.0152473449707,-44.00985860824585,-43.99478263854981,-44.00712704658508,-43.99418465296427,-43.992091496785484
27.33,0.0,0.0,0.0,0.0,0.0,0.0,0.0,0.0,0.0,-44.023516636268766,-44.25641816854477,-44.02721780569442,-44.02410249452333,-44.04458427429199,-44.051628657749724,-44.037123362223305,-44.043375651041664,-44.04395866394043,-44.04695065816244,-44.03682518005371,-44.02727953592936,-44.02251370747884,-44.022148768107094,-44.025739669799805,-44.025970458984375,-44.0243345896403,-44.0223388671875,-44.028107325236,-44.02133242289225,-43.97804336547851,-43.97889862060547,-43.96135266621908,-43.975930895124165,-43.978406524658205,-44.01262601216634,-44.00889260428293,-44.00985860824585,-43.99925009409586,-44.00712704658508,-43.99418465296427,-43.992091496785484
27.32,0.0,0.0,0.0,0.0,0.0,0.0,0.0,0.0,0.0,-44.028095383241954,-44.25747361108271,-44.02700136105219,-44.02599906921387,-44.04458427429199,-44.051628657749724,-44.037123362223305,-44.043375651041664,-44.04395866394043,-44.04695065816244,-44.03682518005371,-44.02727953592936,-44.02251370747884,-44.022148768107094,-44.025739669799805,-44.025970458984375,-44.0243345896403,-44.0223388671875,-44.028107325236,-44.02133242289225,-43.98889605204264,-43.97889862060547,-43.96135266621908,-43.975930895124165,-43.96819051106771,-44.01262601216634,-44.00889260428293,-44.006707763671876,-43.99925009409586,-44.008185068766274,-43.99418465296427,-43.99206703587582
27.31,0.0,0.0,0.0,0.0,0.0,0.0,0.0,0.0,0.0,-44.02849316067166,-44.258588027954104,-44.02687146651183,-44.026764257630305,-44.04458427429199,-44.051628657749724,-44.037123362223305,-44.043375651041664,-44.04395866394043,-44.04695065816244,-44.03682518005371,-44.02727953592936,-44.02251370747884,-44.022148768107094,-44.025739669799805,-44.025970458984375,-44.0243345896403,-44.0223388671875,-44.028107325236,-44.02133242289225,-43.98889605204264,-43.97889862060547,-43.96135266621908,-43.975930895124165,-43.96819051106771,-44.01262601216634,-44.00889260428293,-44.006707763671876,-43.99925009409586,-44.008185068766274,-43.99418465296427,-43.99206703587582
27.3,0.0,0.0,0.0,0.0,0.0,0.0,0.0,0.0,0.0,-44.02862354896588,-44.258400480370774,-44.02687146651183,-44.02869116465251,-44.04458427429199,-44.051628657749724,-44.03900255475725,-44.043375651041664,-44.04395866394043,-44.04695065816244,-44.03682518005371,-44.02727953592936,-44.02251370747884,-44.022148768107094,-44.025739669799805,-44.025970458984375,-44.0243345896403,-44.0223388671875,-44.02308327811105,-44.02133242289225,-43.98889605204264,-43.97889862060547,-43.96192986624582,-43.975930895124165,-43.96819051106771,-44.01262601216634,-44.00889260428293,-44.006707763671876,-43.99925009409586,-44.008185068766274,-43.99418465296427,-43.99206703587582
27.29,0.0,0.0,0.0,0.0,0.0,0.0,0.0,0.0,0.0,-44.028783658130024,-44.258516115891304,-44.25737960176318,-44.0292380911405,-44.04458427429199,-44.051628657749724,-44.03900255475725,-44.043375651041664,-44.04395866394043,-44.04695065816244,-44.040367126464844,-44.02727953592936,-44.02251370747884,-44.022148768107094,-44.025739669799805,-44.025970458984375,-44.0243345896403,-44.0223388671875,-44.02308327811105,-44.02133242289225,-43.98889605204264,-43.98123868306478,-43.96192986624582,-43.975930895124165,-43.96819051106771,-44.01262601216634,-44.00889260428293,-44.006707763671876,-43.99925009409586,-44.009136400724714,-43.99418465296427,-43.99206703587582
27.28,0.0,0.0,0.0,0.0,0.0,0.0,0.0,0.0,0.0,-44.02873906222257,-44.258538691202794,-44.25624885161718,-44.029480528436316,-44.04458427429199,-44.051628657749724,-44.03900255475725,-44.043375651041664,-44.04395866394043,-44.04695065816244,-44.040367126464844,-44.02727953592936,-44.02251370747884,-44.022148768107094,-44.025739669799805,-44.025970458984375,-44.0243345896403,-44.0223388671875,-44.02308327811105,-44.02133242289225,-43.98889605204264,-43.98123868306478,-43.96192986624582,-43.975930895124165,-43.96819051106771,-44.00587844848633,-44.00889260428293,-44.006707763671876,-43.99925009409586,-44.009136400724714,-43.99418465296427,-43.99206703587582
27.27,0.0,0.0,0.0,0.0,0.0,0.0,0.0,0.0,0.0,-44.02889469691685,-44.25973073879737,-44.257649147073636,-44.02957219384902,-51.39053726196289,-44.051628657749724,-50.33419145856585,-51.37950642903646,-51.3875617980957,-51.39133516947428,-44.040367126464844,-44.02727953592936,-44.02251370747884,-44.02588326590402,-44.025739669799805,-44.025970458984375,-44.0243345896403,-44.025313241141184,-44.02308327811105,-44.02133242289225,-43.98889605204264,-43.97207750592913,-43.96192986624582,-43.975930895124165,-43.97359575544085,-44.00587844848633,-44.00889260428293,-44.006707763671876,-43.998663682204025,-44.009136400724714,-43.99418465296427,-43.99206703587582
27.26,0.0,0.0,0.0,0.0,0.0,0.0,0.0,0.0,0.0,-44.028985516778356,-44.259762350672304,-44.25752252808416,-44.27692599778765,-51.386467615763344,-50.34094565255301,-44.03900255475725,-51.38052113850912,-51.38168080647787,-51.39192326863607,-50.330196380615234,-44.02727953592936,-44.02251370747884,-44.02588326590402,-44.025739669799805,-44.025970458984375,-44.0243345896403,-44.025313241141184,-44.02308327811105,-44.02133242289225,-43.98889605204264,-43.97207750592913,-43.96192986624582,-43.975930895124165,-43.97359575544085,-44.00587844848633,-44.00889260428293,-44.006707763671876,-43.998663682204025,-44.009136400724714,-43.99418465296427,-43.99206703587582
27.25,0.0,0.0,0.0,0.0,0.0,0.0,0.0,0.0,0.0,-44.028989148694414,-44.26113163215527,-44.25880785992271,-44.029420614242554,-44.04458427429199,-44.051628657749724,-44.03900255475725,-44.043375651041664,-44.04395866394043,-44.04695065816244,-44.040367126464844,-51.36287943522135,-51.360378901163735,-50.31738063267299,-51.359564463297524,-51.3673521677653,-51.365030924479164,-44.025313241141184,-44.02308327811105,-44.02133242289225,-43.98889605204264,-43.97207750592913,-43.96192986624582,-43.975930895124165,-43.97359575544085,-44.00587844848633,-44.00889260428293,-44.006707763671876,-43.998663682204025,-44.009136400724714,-43.99418465296427,-43.99206703587582
27.24,0.0,0.0,0.0,0.0,0.0,0.0,0.0,0.0,0.0,-44.02897473503562,-44.02690688599932,-44.02710298237048,-44.029834813849874,-44.04458427429199,-44.051628657749724,-44.03900255475725,-44.043375651041664,-44.04395866394043,-44.04695065816244,-44.03682518005371,-44.02727953592936,-51.36445999145508,-50.309959411621094,-51.36274973551432,-51.36799112955729,-51.35537147521973,-50.31211280822754,-50.31511470249721,-51.35788514879014,-51.31916364034017,-50.2502076285226,-50.24900599888393,-50.25130435398647,-50.25872639247349,-44.00587844848633,-50.29797172546387,-48.406722450256346,-47.38434542142428,-46.324730722527754,-45.82796359062195,-46.30596612629137
27.23,0.0,0.0,0.0,0.0,0.0,0.0,0.0,0.0,0.0,-44.02906429267929,-44.027168845110396,-44.02723044537483,-44.030049178179574,-44.04458427429199,-44.051628657749724,-44.03900255475725,-44.043375651041664,-44.04395866394043,-44.04695065816244,-44.03682518005371,-44.02727953592936,-44.02251370747884,-44.02588326590402,-44.025739669799805,-44.025970458984375,-44.0243345896403,-44.025313241141184,-44.02308327811105,-44.02133242289225,-43.98889605204264,-43.97207750592913,-43.96192986624582,-50.2567013331822,-43.97359575544085,-50.29112025669643,-50.30033929007394,-48.404510498046875,-47.38227125314566,-46.32551223353336,-45.82833835813735,-46.30605347712237
26.77,0.0,0.0,0.0,0.0,0.0,0.0,0.0,0.0,0.0,-44.072392251756455,-44.67620713743445,-44.608846396934695,-44.06891231536865,-44.048293855455185,-44.03925541469029,-44.04336717393663,-44.043546464708115,-44.03889910380045,-44.029335498809814,-44.02449417114258,-44.026161193847656,-44.020761489868164,-44.01459185282389,-44.0192026410784,-44.02296495437622,-44.029548100062776,-44.029420035226,-44.0325927734375,-44.02616173880441,-44.02450609207153,-44.02450307210287,-44.03132390975952,-44.02526201520647,-44.01579236984253,-44.00852108001709,-44.006862095424104,-44.01126316615513,-44.02163750784738,-44.01462064470564,-44.0101064046224,-43.99856376647949
26.76,0.0,0.0,0.0,0.0,0.0,0.0,0.0,0.0,0.0,-44.072392251756455,-44.66877680712634,-44.602974082762934,-44.605850533741275,-44.04900560880962,-44.03925541469029,-44.04336717393663,-44.043546464708115,-44.03889910380045,-44.029335498809814,-44.02449417114258,-44.026161193847656,-44.020761489868164,-44.01459185282389,-44.0192026410784,-44.02296495437622,-44.029548100062776,-44.029420035226,-44.0325927734375,-44.02616173880441,-44.02450609207153,-44.02450307210287,-44.03132390975952,-44.02526201520647,-49.51360750198364,-44.00852108001709,-44.006862095424104,-44.01126316615513,-44.02163750784738,-44.01462064470564,-44.0101064046224,-43.99856376647949
26.75,0.0,0.0,0.0,0.0,0.0,0.0,0.0,0.0,0.0,-44.07164764404297,-44.6681060275516,-44.60300622503441,-44.605962083397834,-46.3666314777575,-47.18434479123071,-48.93665462070041,-48.93855857849121,-51.37891451517741,-49.53202247619629,-50.313385009765625,-51.364641189575195,-51.35884475708008,-51.34983126322428,-50.30668422154018,-49.52767539024353,-50.3192994253976,-50.31846945626395,-50.323626382010325,-50.31697064354306,-49.52461075782776,-51.361829121907554,-49.537413358688354,-50.31528872535342,-49.51658248901367,-49.51060914993286,-50.29328863961356,-50.2969537462507,-50.3119386945452,-50.3045053027925,-51.34419504801432,-55.004191398620605
26.74,0.0,0.0,0.0,0.0,0.0,0.0,0.0,0.0,0.0,-44.07281646728516,-44.073747914632165,-44.071978189859045,-44.06855443628823,-46.494450675116646,-44.03925541469029,-48.93820932176378,-44.043546464708115,-44.03889910380045,-44.029335498809814,-44.02449417114258,-44.026161193847656,-44.020761489868164,-44.01459185282389,-44.0192026410784,-44.02296495437622,-44.029548100062776,-44.029420035226,-44.0325927734375,-44.02616173880441,-44.02450609207153,-44.02450307210287,-44.03132390975952,-44.02526201520647,-44.01579236984253,-44.00852108001709,-44.006862095424104,-44.01126316615513,-44.02163750784738,-44.01462064470564,-51.33444277445475,-43.99856376647949
26.73,0.0,0.0,0.0,0.0,0.0,0.0,0.0,0.0,0.0,-44.07234333583287,-44.66111317952474,-44.072544642857146,-44.06855443628823,-44.048293855455185,-44.037335909329926,-44.04336717393663,-44.043546464708115,-44.03889910380045,-44.029335498809814,-44.02449417114258,-44.026161193847656,-44.020761489868164,-44.01459185282389,-44.0192026410784,-44.02296495437622,-44.029548100062776,-44.029420035226,-44.0325927734375,-44.02616173880441,-44.02450609207153,-44.02450307210287,-44.03132390975952,-44.02526201520647,-44.01579236984253,-44.00852108001709,-44.006862095424104,-44.01126316615513,-44.02163750784738,-44.01462064470564,-44.0101064046224,-43.99856376647949
26.72,0.0,0.0,0.0,0.0,0.0,0.0,0.0,0.0,0.0,-44.072311170173414,-44.661187947591145,-44.0722318761489,-44.06855443628823,-44.048293855455185,-44.037335909329926,-44.04336717393663,-44.043546464708115,-44.03889910380045,-44.02712631225586,-44.02449417114258,-44.026161193847656,-44.020761489868164,-44.01459185282389,-44.0192026410784,-44.02641241891043,-44.029548100062776,-44.029420035226,-44.0325927734375,-44.02616173880441,-44.02450609207153,-44.02450307210287,-44.03132390975952,-44.02526201520647,-44.01579236984253,-44.00852108001709,-44.006862095424104,-44.01126316615513,-44.02163750784738,-44.01462064470564,-44.0101064046224,-43.99856376647949
26.69,0.0,0.0,0.0,0.0,0.0,0.0,0.0,0.0,0.0,-44.06519937515259,-44.646068870247184,-44.07234764099121,-44.0659862317537,-44.048293855455185,-44.037335909329926,-44.04336717393663,-44.04709196090698,-44.03889910380045,-44.02712631225586,-44.02449417114258,-44.026161193847656,-44.020761489868164,-44.01459185282389,-44.0192026410784,-44.02641241891043,-44.029548100062776,-44.029420035226,-44.0325927734375,-44.02616173880441,-44.022367749895366,-44.02450307210287,-44.03370067051479,-44.02526201520647,-44.01611600603376,-44.005315508161274,-44.006862095424104,-44.01126316615513,-44.02163750784738,-44.01462064470564,-44.0101064046224,-43.99102020263672
26.67,0.0,0.0,0.0,0.0,0.0,0.0,0.0,0.0,0.0,-44.07266289847238,-44.63828619932517,-44.07264567530432,-44.064827960470446,-44.04854404225069,-44.03741041819254,-44.04336717393663,-44.04709196090698,-44.03889910380045,-44.02712631225586,-44.02604611714681,-44.026161193847656,-44.020761489868164,-44.01459185282389,-44.0192026410784,-44.02641241891043,-44.029548100062776,-44.029420035226,-44.0325927734375,-44.02807426452637,-44.022367749895366,-44.02450307210287,-44.03415743509928,-44.02526201520647,-44.01611600603376,-44.005315508161274,-44.006862095424104,-44.010885874430336,-44.021711349487305,-44.01462064470564,-44.0101064046224,-43.99102020263672
26.65,0.0,0.0,0.0,0.0,0.0,0.0,0.0,0.0,0.0,-44.07604090372721,-44.6468194738611,-44.07307982170719,-44.066463570845755,-44.04897665977478,-44.03741041819254,-44.04318809509277,-44.04964120047433,-44.03889910380045,-44.02805201212565,-44.02604611714681,-44.02635269165039,-44.02514724731445,-44.01459185282389,-44.0192026410784,-44.026252110799156,-44.029548100062776,-44.02694829305013,-44.0325927734375,-44.02807426452637,-44.0205020904541,-44.02450307210287,-44.03415743509928,-44.02289326985677,-44.01611600603376,-44.005315508161274,-44.006862095424104,-44.010885874430336,-44.021711349487305,-44.01462064470564,-44.0101064046224,-43.99102020263672
26.61,0.0,0.0,0.0,0.0,0.0,0.0,0.0,0.0,0.0,-44.0915892464774,-44.646426956374924,-44.07277593719825,-44.06625134604318,-44.04774181659405,-44.035488552517364,-44.04493277413504,-44.05480117797852,-44.03889910380045,-44.02233657836914,-44.02410736083984,-44.02635269165039,-44.02492904663086,-44.01045913696289,-44.01800282796224,-44.026252110799156,-44.02601318359375,-44.027976989746094,-44.03316434224447,-44.023155975341794,-44.01604080200195,-44.02450307210287,-44.03996810913086,-44.030967712402344,-44.013258616129555,-44.00947189331055,-44.00679092407226,-44.00948257446289,-44.01493606567383,-44.023434448242185,-44.00996856689453,-43.99102020263672
26.6,0.0,0.0,0.0,0.0,0.0,0.0,0.0,0.0,0.0,-44.084489004952566,-44.65393488030685,-44.072846873422684,-44.06387402461125,-44.045937856038414,-44.03452396392822,-44.04795265197754,-44.05480117797852,-44.03889910380045,-44.02233657836914,-44.02410736083984,-44.027777353922524,-44.02492904663086,-44.01045913696289,-44.019788360595705,-44.02887191772461,-44.02601318359375,-44.027976989746094,-44.03094482421875,-44.023155975341794,-44.01604080200195,-44.01781234741211,-44.03996810913086,-44.030967712402344,-44.01064224243164,-44.00947189331055,-44.00679092407226,-44.00948257446289,-44.01493606567383,-44.023434448242185,-44.00996856689453,-43.99102020263672
26.57,0.0,0.0,0.0,0.0,0.0,0.0,0.0,0.0,0.0,-44.088528315226235,-44.78378948088615,-44.07231847974989,-44.0666561126709,-44.04212782118056,-44.034905024937224,-44.04445953369141,-44.05480117797852,-44.03504180908203,-44.0229377746582,-44.0231819152832,-44.027777353922524,-44.03021367390951,-44.011436462402344,-44.00785827636719,-44.03871822357178,-44.02825927734375,-44.03168296813965,-44.03445816040039,-44.03219795227051,-44.00898551940918,-44.0255184173584,-44.04337501525879,-44.02422046661377,-44.00530242919922,-44.01620960235596,-44.00498580932617,-44.005587577819824,-44.021921157836914,-44.02919260660807,-44.00996856689453,-43.9842643737793
26.54,0.0,0.0,0.0,0.0,0.0,0.0,0.0,0.0,0.0,-44.08628606796265,-45.775516510009766,-44.078610346867485,-44.07927004496256,0.0,-44.03596496582031,-44.053579330444336,0.0,-44.023555755615234,-44.027809143066406,-44.01993179321289,0.0,0.0,-44.00907516479492,-43.98948669433594,-44.02839660644531,0.0,-44.02980041503906,-44.05266571044922,0.0,-43.98698806762695,0.0,0.0,0.0,0.0,0.0,0.0,-43.98699569702149,0.0,-44.05558776855469,-43.94601821899414,-44.02251052856445
26.53,0.0,0.0,0.0,0.0,0.0,0.0,0.0,0.0,0.0,-44.08896721733941,-45.59359201891669,-44.07823350694444,-44.08111038208008,0.0,0.0,0.0,0.0,0.0,0.0,0.0,0.0,0.0,0.0,0.0,0.0,0.0,0.0,0.0,0.0,0.0,0.0,0.0,0.0,0.0,0.0,0.0,0.0,0.0,0.0,0.0,0.0
26.51,0.0,0.0,0.0,0.0,0.0,0.0,0.0,0.0,0.0,-44.08476448059082,-45.49638945056546,-44.07544265254851,-44.06360721588135,0.0,0.0,0.0,0.0,0.0,0.0,0.0,0.0,0.0,0.0,0.0,0.0,0.0,0.0,0.0,0.0,0.0,0.0,0.0,0.0,0.0,0.0,0.0,0.0,0.0,0.0,0.0,0.0
26.5,0.0,0.0,0.0,0.0,0.0,0.0,0.0,0.0,0.0,-44.080931769477,-45.300963189866806,-44.07778190164005,-44.06360721588135,0.0,0.0,0.0,0.0,0.0,0.0,0.0,0.0,0.0,0.0,0.0,0.0,0.0,0.0,0.0,0.0,0.0,0.0,0.0,0.0,0.0,0.0,0.0,0.0,0.0,0.0,0.0,0.0
26.48,0.0,0.0,0.0,0.0,0.0,0.0,0.0,0.0,0.0,-44.07637405395508,-45.05092900594075,-44.07084985212846,-44.07823867797852,0.0,0.0,0.0,0.0,0.0,0.0,0.0,0.0,0.0,0.0,0.0,0.0,0.0,0.0,0.0,0.0,0.0,0.0,0.0,0.0,0.0,0.0,0.0,0.0,0.0,0.0,0.0,0.0
26.46,0.0,0.0,0.0,0.0,0.0,0.0,0.0,0.0,0.0,-44.068697929382324,-44.424651293250605,-44.06703737046983,-44.07256253560384,-44.08907699584961,0.0,0.0,0.0,0.0,0.0,0.0,0.0,0.0,0.0,0.0,0.0,0.0,0.0,0.0,0.0,0.0,0.0,0.0,0.0,0.0,0.0,0.0,-44.05436706542969,-44.02771759033203,0.0,0.0,-44.061962890625
26.45,0.0,0.0,0.0,0.0,0.0,0.0,0.0,0.0,0.0,-44.06668819080699,-44.38889088350184,-44.06479348076714,-44.070023727416995,-44.08907699584961,-44.08572006225586,-44.053619384765625,-44.0098762512207,-44.08000183105469,-44.07271957397461,-44.0241584777832,-44.05349159240723,-44.07599830627441,-44.07425308227539,-44.042236328125,-44.09311294555664,-44.04412269592285,-44.059316635131836,-44.03812599182129,-44.049095153808594,-44.06346893310547,-44.0198860168457,-44.0401496887207,-44.017581939697266,-44.06456756591797,-44.0446891784668,-44.02760314941406,-44.04423809051514,-44.03409290313721,-44.06454213460287,-44.07699862393466,-44.072807735866974
26.43,0.0,0.0,0.0,0.0,0.0,0.0,0.0,0.0,0.0,-44.07744439442953,-44.38643688006993,-44.0646257743561,-44.06147130330404,-44.07399940490723,-44.080178578694664,-44.04052607218424,-44.02708180745443,-44.07234446207682,-44.06657155354818,-44.035789489746094,-44.045616149902344,-44.0688362121582,-44.080945332845054,-44.042083740234375,-44.05926704406738,-44.049519856770836,-44.05505625406901,-44.04492441813151,-44.06432851155599,-44.054497718811035,-44.03132883707682,-44.0401496887207,-44.02712885538737,-44.059408823649086,-44.05358123779297,-44.036373138427734,-44.040933990478514,-44.040739331926616,-44.064823150634766,-44.07932186126709,-44.0751145102761
26.42,0.0,0.0,0.0,0.0,0.0,0.0,0.0,0.0,0.0,-44.08069120134626,-44.38661901098098,-44.0646257743561,-44.055646722966976,-44.07399940490723,-44.0824031829834,-44.04052607218424,-44.02708180745443,-44.05672740936279,-44.06657155354818,-44.03995990753174,-44.045616149902344,-44.0688362121582,-44.07126808166504,-44.06475353240967,-44.05926704406738,-44.049519856770836,-44.05341053009033,-44.04596710205078,-44.05519104003906,-44.054497718811035,-44.03420448303223,-44.034685134887695,-44.02971363067627,-44.059408823649086,-44.05358123779297,-44.03803634643555,-44.040933990478514,-44.040739331926616,-44.0623477935791,-44.07582995766088,-44.07283548208383
26.41,0.0,0.0,0.0,0.0,0.0,0.0,0.0,0.0,0.0,-44.07871355329241,-44.38666509363773,-44.06435350058735,-44.059420903523765,-44.073309326171874,-44.073551177978516,-44.04052607218424,-44.02708180745443,-44.05992584228515,-44.06204528808594,-44.03995990753174,-44.045616149902344,-44.0688362121582,-44.07126808166504,-44.06475353240967,-44.05926704406738,-44.052167892456055,-44.05341053009033,-44.04596710205078,-44.05519104003906,-44.054497718811035,-44.03420448303223,-44.034685134887695,-44.02971363067627,-44.04370880126953,-44.05358123779297,-44.03803634643555,-44.03871218363444,-44.04231071472168,-44.06130854288737,-44.0734245300293,-44.07283548208383
26.4,0.0,0.0,0.0,0.0,0.0,0.0,0.0,0.0,0.0,-44.074931383132935,-44.38826221578262,-44.064146612682485,-44.065347126552034,-44.073309326171874,-44.073551177978516,-44.0480318069458,-44.04189968109131,-44.05992584228515,-44.06204528808594,-44.046511840820315,-44.050498962402344,-44.0701904296875,-44.0700439453125,-44.06475353240967,-44.05926704406738,-44.052167892456055,-44.05341053009033,-44.04596710205078,-44.05519104003906,-44.054497718811035,-44.03420448303223,-44.027069854736325,-44.02971363067627,-44.04370880126953,-44.04838562011719,-44.03803634643555,-44.03958184378488,-44.04231071472168,-44.06130854288737,-44.072466714041575,-44.072449002947124
26.39,0.0,0.0,0.0,0.0,0.0,0.0,0.0,0.0,0.0,-44.07028494940864,-44.39068919994213,-44.06399527839992,-44.06650689932016,-44.073309326171874,-44.073551177978516,-44.040400695800784,-44.04114837646485,-44.05992584228515,-44.06204528808594,-44.046511840820315,-44.050498962402344,-44.0701904296875,-44.0700439453125,-44.066653442382815,-44.055860900878905,-44.052167892456055,-44.04828414916992,-44.04879608154297,-44.05384750366211,-44.054497718811035,-44.034857177734374,-44.027069854736325,-44.02971363067627,-44.04370880126953,-44.04838562011719,-44.03803634643555,-44.03958184378488,-44.04231071472168,-44.06052721463717,-44.072466714041575,-44.07029037475586
26.38,0.0,0.0,0.0,0.0,0.0,0.0,0.0,0.0,0.0,-44.07406107584635,-44.38836369794958,-44.06399527839992,-44.06877674775965,-44.073309326171874,-44.073551177978516,-44.040400695800784,-44.04114837646485,-44.05992584228515,-44.06204528808594,-44.046511840820315,-44.045230865478516,-44.0701904296875,-44.0700439453125,-44.066653442382815,-44.055860900878905,-44.052167892456055,-44.04828414916992,-44.04879608154297,-44.05384750366211,-44.04757537841797,-44.034857177734374,-44.027069854736325,-44.0323371887207,-44.043904876708986,-44.04838562011719,-44.04075813293457,-44.03958184378488,-44.04469468858507,-44.05893478393555,-44.072466714041575,-44.07029037475586
26.37,0.0,0.0,0.0,0.0,0.0,0.0,0.0,0.0,0.0,-44.07377036412557,-44.38855650845696,-44.063576245830006,-44.069339752197266,-44.073309326171874,-44.073551177978516,-44.040400695800784,-44.04114837646485,-44.05992584228515,-44.06204528808594,-44.046511840820315,-44.045230865478516,-44.066646575927734,-44.0700439453125,-44.066653442382815,-44.055860900878905,-44.06005096435547,-44.04828414916992,-44.04879608154297,-44.05384750366211,-44.04757537841797,-44.034857177734374,-44.027069854736325,-44.03770891825358,-44.043904876708986,-44.04838562011719,-44.04075813293457,-44.03910541534424,-44.045379638671875,-44.05893478393555,-44.072466714041575,-44.07124996185303
26.36,0.0,0.0,0.0,0.0,0.0,0.0,0.0,0.0,0.0,-44.0697346391349,-44.39050397519712,-44.063576245830006,-44.06999312506782,-44.073309326171874,-44.073551177978516,-44.050482432047524,-44.04114837646485,-44.05992584228515,-44.06204528808594,-44.046511840820315,-44.045230865478516,-44.06916109720866,-44.0700439453125,-44.066653442382815,-44.05430666605631,-44.06005096435547,-44.04718844095866,-44.04879608154297,-44.05420366923014,-44.047828674316406,-44.040873209635414,-44.027069854736325,-44.03770891825358,-44.04301325480143,-44.04838562011719,-44.04075813293457,-44.03910541534424,-44.049185666170985,-44.0601921081543,-44.07154135270552,-44.07124996185303
26.35,0.0,0.0,0.0,0.0,0.0,0.0,0.0,0.0,0.0,-44.066512057655736,-44.390704232675056,-44.063576245830006,-44.07186756134033,-44.073309326171874,-44.073551177978516,-44.050482432047524,-44.04656537373861,-44.05992584228515,-44.06204528808594,-44.046511840820315,-44.05216725667318,-44.06916109720866,-44.0700439453125,-44.066653442382815,-44.05430666605631,-44.06005096435547,-44.04718844095866,-44.04879608154297,-44.05420366923014,-44.047828674316406,-44.040873209635414,-44.027069854736325,-44.03770891825358,-44.04301325480143,-44.04838562011719,-44.04075813293457,-44.03910541534424,-44.049185666170985,-44.0601921081543,-44.07154135270552,-44.07124996185303
26.34,0.0,0.0,0.0,0.0,0.0,0.0,0.0,0.0,0.0,-44.06317740992496,-44.39023526509603,-44.063164598801556,-44.07291793823242,-44.068647384643555,-44.073551177978516,-44.050482432047524,-44.04978397914341,-44.05992584228515,-44.06204528808594,-44.046511840820315,-44.05216725667318,-44.06916109720866,-44.0700439453125,-44.06559689839681,-44.05430666605631,-44.06005096435547,-44.04718844095866,-44.0528195699056,-44.05420366923014,-44.047828674316406,-44.040873209635414,-44.027069854736325,-44.03770891825358,-44.04301325480143,-44.048025131225586,-44.04098238263811,-44.03910541534424,-44.049185666170985,-44.0620595146628,-44.07154135270552,-44.07124996185303
26.33,0.0,0.0,0.0,0.0,0.0,0.0,0.0,0.0,0.0,-44.06290091537848,-44.39201296621294,-44.06329204418041,-44.070460160573326,-44.068647384643555,-44.073551177978516,-44.051417759486604,-44.04978397914341,-44.05992584228515,-44.06204528808594,-44.047845204671226,-44.05216725667318,-44.06916109720866,-44.0700439453125,-44.06559689839681,-44.05430666605631,-44.06005096435547,-44.04718844095866,-44.0528195699056,-44.05420366923014,-44.047828674316406,-44.040873209635414,-44.025577545166016,-44.03770891825358,-44.04301325480143,-44.048025131225586,-44.04098238263811,-44.03910541534424,-44.049185666170985,-44.0620595146628,-44.07154135270552,-44.07145533842199
26.32,0.0,0.0,0.0,0.0,0.0,0.0,0.0,0.0,0.0,-44.06343948742575,-44.39497261716609,-44.06328818377327,-44.06338070284936,-44.068647384643555,-44.073551177978516,-44.051417759486604,-44.04978397914341,-44.05992584228515,-44.06204528808594,-44.047845204671226,-44.05233546665737,-44.06916109720866,-44.06535847981771,-44.06559689839681,-44.05430666605631,-44.06005096435547,-44.04718844095866,-44.0528195699056,-44.05420366923014,-44.047828674316406,-44.040873209635414,-44.025577545166016,-44.03770891825358,-44.04301325480143,-44.048025131225586,-44.044289112091064,-44.03910541534424,-44.0474796295166,-44.06354077657064,-44.06965189394744,-44.07145533842199
26.31,0.0,0.0,0.0,0.0,0.0,0.0,0.0,0.0,0.0,-44.06334552764893,-44.39517127780388,-44.06339142410843,-44.06226272583008,-44.068647384643555,-44.073551177978516,-44.051417759486604,-44.04978397914341,-44.05232810974121,-44.05668195088705,-44.047845204671226,-44.05233546665737,-44.06916109720866,-44.06535847981771,-44.06559689839681,-44.05430666605631,-44.06005096435547,-44.04718844095866,-44.0528195699056,-44.05420366923014,-44.047828674316406,-44.040873209635414,-44.025577545166016,-44.03770891825358,-44.04301325480143,-44.048025131225586,-44.044289112091064,-44.03910541534424,-44.05173022930439,-44.06354077657064,-44.06965189394744,-44.07145533842199
26.3,0.0,0.0,0.0,0.0,0.0,0.0,0.0,0.0,0.0,-44.06302963385061,-44.39746483889493,-44.06339142410843,-44.06396331787109,-44.068647384643555,-44.073551177978516,-44.051417759486604,-44.04978397914341,-44.05232810974121,-44.05668195088705,-44.047845204671226,-44.05233546665737,-44.06916109720866,-44.06535847981771,-44.06559689839681,-44.05430666605631,-44.06005096435547,-44.04718844095866,-44.0528195699056,-44.05420366923014,-44.047828674316406,-44.040873209635414,-44.025577545166016,-44.03770891825358,-44.04224450247629,-44.048025131225586,-44.044289112091064,-44.03894170125326,-44.05173022930439,-44.06354077657064,-44.06965189394744,-44.07319323221842
26.29,0.0,0.0,0.0,0.0,0.0,0.0,0.0,0.0,0.0,-44.062644958496094,-44.39991436053172,-44.06334748908655,-44.06222702026367,-44.068647384643555,-44.063682556152344,-44.051417759486604,-44.04978397914341,-44.05232810974121,-44.05668195088705,-44.047845204671226,-44.05233546665737,-44.06354740687779,-44.06535847981771,-44.06559689839681,-44.05430666605631,-44.06005096435547,-44.04718844095866,-44.0528195699056,-44.05420366923014,-44.047828674316406,-44.040873209635414,-44.025577545166016,-44.03770891825358,-44.04224450247629,-44.04526628766741,-44.044289112091064,-44.03894170125326,-44.05173022930439,-44.06354077657064,-44.06965189394744,-44.07319323221842
26.28,0.0,0.0,0.0,0.0,0.0,0.0,0.0,0.0,0.0,-44.06252552912785,-44.40002865908609,-44.063148297761614,-44.06174811001482,-44.068647384643555,-44.06355176653181,-44.051417759486604,-44.04978397914341,-44.05232810974121,-44.05668195088705,-44.047845204671226,-44.05233546665737,-44.06354740687779,-44.06535847981771,-44.06559689839681,-44.05430666605631,-44.05746241978237,-44.04718844095866,-44.0528195699056,-44.05420366923014,-44.047828674316406,-44.040873209635414,-44.025577545166016,-44.03770891825358,-44.04224450247629,-44.04526628766741,-44.044289112091064,-44.03785591125488,-44.05173022930439,-44.065252002916836,-44.06965189394744,-44.07319323221842
26.27,0.0,0.0,0.0,0.0,0.0,0.0,0.0,0.0,0.0,-44.061649556745564,-44.40237235833634,-44.063148297761614,-44.06148809194565,-44.068647384643555,-44.06355176653181,-44.051417759486604,-44.04978397914341,-44.05232810974121,-44.05668195088705,-44.047845204671226,-44.05233546665737,-44.06354740687779,-44.06535847981771,-44.06559689839681,-44.05430666605631,-44.05746241978237,-44.04718844095866,-44.0528195699056,-44.05420366923014,-44.047828674316406,-44.040873209635414,-44.025577545166016,-44.03770891825358,-44.04224450247629,-44.04526628766741,-44.044289112091064,-44.03785591125488,-44.05173022930439,-44.065252002916836,-44.06965189394744,-44.07319323221842
26.26,0.0,0.0,0.0,0.0,0.0,0.0,0.0,0.0,0.0,-44.06203774043492,-44.40236771670758,-44.39668967507102,-44.794738960266116,-44.068647384643555,-44.06355176653181,-44.051417759486604,-44.04978397914341,-44.05232810974121,-44.05668195088705,-44.047845204671226,-44.05233546665737,-44.06354740687779,-44.06535847981771,-44.06559689839681,-44.05430666605631,-44.05746241978237,-44.04718844095866,-44.0528195699056,-44.05420366923014,-44.047828674316406,-44.040873209635414,-44.025577545166016,-44.03770891825358,-44.04224450247629,-44.04526628766741,-44.044289112091064,-44.03785591125488,-44.05173022930439,-44.065252002916836,-44.06965189394744,-44.07319323221842
26.25,0.0,0.0,0.0,0.0,0.0,0.0,0.0,0.0,0.0,-44.06203540455211,-44.404669088910715,-44.398947038723314,-44.94103012084961,-51.41682688395182,-50.361511775425505,-50.34479195731027,-50.339367094494044,-51.39899508158366,-51.40213521321615,-51.38615608215332,-50.34583718436105,-50.36011859348842,-44.06535847981771,-51.405944188435875,-51.400425593058266,-50.34947994777134,-51.3904078801473,-51.392507235209145,-51.399693171183266,-51.39174016316732,-51.3775208791097,-51.36515553792318,-51.370477040608726,-50.33718272617885,-50.340614318847656,-49.54836630821228,-48.442279720306395,-47.4391222244654,-46.38443843105383,-45.98582674109417,-46.52157203356425
26.24,0.0,0.0,0.0,0.0,0.0,0.0,0.0,0.0,0.0,-44.061883290608726,-44.063004940748215,-44.06271755422345,-44.061269511347234,-44.068647384643555,-44.06355176653181,-44.051417759486604,-44.04978397914341,-44.05232810974121,-44.05668195088705,-51.3876371383667,-50.345545632498606,-44.06354740687779,-51.4116907119751,-44.06559689839681,-44.05430666605631,-44.05746241978237,-44.04718844095866,-44.0528195699056,-51.39571952819824,-44.047828674316406,-51.37722587585449,-51.366049448649086,-51.37746810913086,-50.33456202915737,-50.3373647417341,-44.044289112091064,-44.03785591125488,-44.05173022930439,-44.065252002916836,-44.06965189394744,-44.07319323221842
25.78,0.0,0.0,0.0,0.0,0.0,0.0,0.0,0.0,0.0,-44.02094908163581,-44.439073315608965,-44.4059193948967,-44.026158488880505,-44.02258702328331,-44.036251068115234,-44.04785995483398,-44.05476188659668,-44.04802751541138,-44.034429277692524,-44.0601806640625,-44.06404658726284,-44.0618520464216,-44.05211911882673,-44.041999181111656,-44.047935962677,-44.03997475760324,-44.040950775146484,-44.05093288421631,-44.06455775669643,-44.05889729091099,-44.0540509223938,-44.045415605817524,-44.046964168548584,-44.03393336704799,-44.025178636823384,-44.023702893938335,-44.03287887573242,-44.036892482212615,-44.05194309779576,-44.05233192443848,-44.05269813537598
25.77,0.0,0.0,0.0,0.0,0.0,0.0,0.0,0.0,0.0,-44.02094908163581,-44.438947386459404,-44.40596826380505,-44.41948963063104,-46.339858071845875,-47.42473220825195,-44.04785995483398,-49.56349515914917,-44.04802751541138,-44.034429277692524,-44.0601806640625,-44.06404658726284,-44.0618520464216,-44.05211911882673,-44.041999181111656,-44.047935962677,-44.03997475760324,-44.040950775146484,-44.05093288421631,-44.06455775669643,-44.05889729091099,-44.0540509223938,-44.045415605817524,-44.046964168548584,-44.03393336704799,-44.025178636823384,-44.023702893938335,-44.03287887573242,-44.040480613708496,-44.05194309779576,-44.05233192443848,-44.05269813537598
25.76,0.0,0.0,0.0,0.0,0.0,0.0,0.0,0.0,0.0,-44.02094908163581,-44.02755234620282,-44.02637047603213,-44.02614614896685,-46.3394122876619,-47.421204787034256,-48.456298637390134,-49.56670570373535,-49.547013998031616,-50.32800801595052,-50.35247121538435,-50.360785893031526,-50.358445576259065,-50.343193599155974,-51.38180700937907,-44.047935962677,-44.03997475760324,-44.040950775146484,-44.05093288421631,-44.06455775669643,-44.05889729091099,-44.0540509223938,-44.045415605817524,-44.046964168548584,-44.03393336704799,-44.025178636823384,-44.023702893938335,-51.36906814575195,-49.54723405838013,-50.34408787318638,-51.39479128519694,-44.05269813537598
25.75,0.0,0.0,0.0,0.0,0.0,0.0,0.0,0.0,0.0,-44.02094908163581,-44.02755234620282,-44.02677894260572,-44.02442315612176,-44.02258702328331,-44.036251068115234,-44.04785995483398,-44.05476188659668,-44.04802751541138,-44.034429277692524,-44.0601806640625,-50.36217062813895,-50.35326712472098,-44.05211911882673,-51.38489977518717,-49.55289697647095,-50.333737327938984,-50.32891028267996,-49.556320905685425,-50.3616581871396,-50.35365349905832,-49.55696249008179,-50.33888153802781,-49.55374789237976,-50.32500866481236,-50.31346148536319,-50.31544930594308,-51.37059720357259,-49.54438877105713,-50.34596960885184,-51.39659818013509,-55.06161880493164
