,5.820754755,5.814005148244898,5.807255541489797,5.800505934734694,5.793756327979592,5.78700672122449,5.780257114469388,5.773507507714286,5.766757900959185,5.7600082942040824,5.75325868744898,5.746509080693878,5.739759473938776,5.733009867183673,5.726260260428572,5.71951065367347,5.712761046918367,5.706011440163266,5.699261833408164,5.6925122266530614,5.68576261989796,5.679013013142858,5.6722634063877555,5.665513799632653,5.658764192877551,5.65201458612245,5.645264979367347,5.638515372612245,5.631765765857143,5.625016159102041,5.618266552346939,5.611516945591837,5.604767338836735,5.598017732081633,5.591268125326531,5.584518518571429,5.577768911816327,5.571019305061225,5.564269698306123,5.55752009155102,5.550770484795919,5.544020878040817,5.537271271285714,5.530521664530612,5.523772057775511,5.5170224510204084,5.510272844265306,5.503523237510205,5.4967736307551025,5.490024024
30.441441441,,,,,,,,,,,,,,,,,,,,,,,,,,,,,,,,,,,,,,,,,,,,,,,,,,
30.341300483734692,,-43.944679177581726,-43.94684114508604,-43.948010408930365,-43.96214586766013,-43.98591755396812,-43.986538346883016,-43.97495053998369,-43.949111390121324,-43.94730753995154,-43.95029090204025,-43.89731875977655,-43.92162946141741,-43.958160618299395,-43.982353126541874,-43.95550350019396,-43.93697437688874,-43.955306567308455,-43.96637999173153,-43.92981155195206,-43.89368813447979,-43.88713130276634,-43.94084842647356,-43.95541625689084,-43.94840296737453,-43.955160914519055,-43.967517426194284,-43.97879079370408,-43.97948743364237,-43.92479221568694,-43.8875585030488,-43.85949853340855,-43.8582298924157,-43.88046422378141,-43.91654072685745,-43.95329482537076,-43.98147009786448,-43.98809957421077,-43.973313429753276,-43.94943641381449,-43.929058607111806,-43.92779242521345,-43.93365757765246,-43.93304519108232,-43.9417300662369,-43.96095468496161,-43.968539499313415,-43.96351105540752,-43.95822988144853,-43.93093140156524
30.241159526469385,,-43.94688203634634,-43.94591831244401,-43.947992537125785,-43.964706426802145,-43.98015879740959,-43.98917575049476,-43.9689345624596,-43.94972749667456,-43.95219765079293,-43.945207676252174,-43.90541985981417,-43.90236631165373,-43.96593993715959,-43.97988196296428,-43.95758080572968,-43.92800442869511,-43.959237921765784,-43.97489786816421,-43.935548255240306,-43.89082722540975,-43.89515925948103,-43.93397260280452,-43.967155030887,-43.94364102021033,-43.96635830372782,-43.962451562323196,-43.984565271339726,-43.97652520606594,-43.93900469697293,-43.88625196481974,-43.8590278543651,-43.86138364458862,-43.874819263369496,-43.91641090135816,-43.951898046511396,-43.9775268191712,-43.99321291861437,-43.96947218787201,-43.94381473405888,-43.927536838814945,-43.92940788535482,-43.93284798552471,-43.938526542097556,-43.92627177216054,-43.96471018110682,-43.969208287883376,-43.965608866092836,-43.94419590156768,-43.93481022582513
30.14101856920408,,-43.94621786817849,-43.94634327176441,-43.948214474151186,-43.96419905108545,-43.98308301695533,-43.9852879692962,-43.97083829804739,-43.952320542525925,-43.950356074340746,-43.941137093035934,-43.90834787793183,-43.91203559728253,-43.95748859625561,-43.97436729140318,-43.95123855498739,-43.933317181882614,-43.955184176257376,-43.96543433226215,-43.935550290002105,-43.89766430310929,-43.893467292131376,-43.934377102833885,-43.95688818127735,-43.94984702361972,-43.9617337499436,-43.96995151825277,-43.98174987986621,-43.974238944397456,-43.9376570059514,-43.88931353799071,-43.862496227286094,-43.85819160838607,-43.88182048832012,-43.91605596912358,-43.949297225599196,-43.97634150642704,-43.99120850144649,-43.97001034745971,-43.944687002164365,-43.93013880095276,-43.92866662351701,-43.9319293174954,-43.935712105283436,-43.93919100303023,-43.96003005693235,-43.966194672364026,-43.963730018589615,-43.951337332794054,-43.93143259571079
30.04087761193878,,-43.93977305067653,-43.941925906417836,-43.944563502058344,-43.95999086815166,-43.98286439190906,-43.991926008326686,-43.96961708461901,-43.96429143407084,-43.947851978759644,-43.94477826717522,-43.90034637058541,-43.88935852050781,-43.96910404642906,-43.98426818847656,-43.94532033374303,-43.91225590164487,-43.97277069091797,-43.975261516182776,-43.944213668875854,-43.88113371566594,-43.88696459078412,-43.9333610534668,-43.96923699058118,-43.940193827619865,-43.972503662109375,-43.9673261764736,-43.98862422402742,-43.97486895301306,-43.94436358145835,-43.895809658032235,-43.853765482548766,-43.86294937133789,-43.86638259887695,-43.912147521972656,-43.957950592041016,-43.97770690917969,-43.99626240106569,-43.97099304199219,-43.94088363647461,-43.92860276777678,-43.9316291809082,-43.92966079711914,-43.939544677734375,,,,-43.968220910662254,-43.92296538227185,-43.940799886271364
29.94073665467347,,-43.946579191691605,-43.94956644082436,-43.94823426448746,-43.95050256968275,,,,,,,,,,,,,,,,,,,,,,,,,,,,,,,,,,,,,,,,,,,,,
29.840595697408165,,-43.9270116855926,-43.925671298299584,-43.920210769650076,-43.93254648563604,-43.93685651678483,-43.93281519204567,-43.91659275031124,-43.92307604821798,-43.93308883040961,-43.93214494517834,-43.911319690890885,-43.88944889108052,-43.90009931823348,-43.90589235090968,-43.87564242654621,-43.88598184708929,-43.901225307723024,-43.89764317229485,-43.896715109817535,-43.90572092603982,-43.919378009726,-43.924555310130025,-43.93327088267119,-43.94611845509088,-43.936356586241494,-43.92814937401135,-43.92910034447653,-43.91168835304299,-43.915413650874356,-43.929501674164236,-43.93008354492833,-43.92082163507624,-43.917274675893,-43.930486131709465,-43.929775750410215,-43.91647769469148,-43.933997009734725,-43.97421389506209,-43.97193786008545,-43.951917253136564,-43.93392754506704,-43.94021260489328,-43.95069832460533,-43.94348200140174,-43.94121676318567,-43.93596694732648,-43.934329801895615,-43.931804691543256,
29.740454740142855,,-43.90642727051193,-43.90334434001133,-43.904167826403906,-43.903157195514595,-43.92533345732959,-43.9452672464764,-43.909909633003934,-43.914506240793095,-43.937989822832776,-43.929453340025255,-43.9155905109273,-43.874814773373096,-43.903546415772894,-43.9085404340879,-43.87145925652502,-43.88498473845866,-43.90891629943708,-43.89543340069576,-43.89793765621621,-43.902963203411744,-43.93669143731349,-43.917557915546475,-43.921939003512534,-43.97388932231669,-43.928658794890396,-43.93079609974557,-43.93343061084989,-43.90189936650069,-43.91178412745262,-43.943462862491515,-43.93292244030855,-43.91319808572222,-43.92695277455102,-43.9293677471975,-43.95623219921714,-43.905855833379945,-43.91059765971562,-43.98601097580657,-43.98781816724509,-43.93358592243196,-43.95168477778939,-43.940441184695025,-43.95768575563837,-43.96952352236207,-43.92830705888905,-43.938304639320414,-43.935590244664574,-43.93501488526791,
29.64031378287755,,-43.898209517461574,-43.90090660832217,-43.90061948754395,-43.89500607409984,-43.92437528274746,-43.935533123198965,-43.91574129175894,-43.9200935498942,-43.935391210353764,-43.92981128458895,-43.910524181104435,-43.89109534635369,-43.89908241046058,-43.898935150143174,-43.87543122657053,-43.88440094813164,-43.90119572387772,-43.89725156019487,-43.89654620948811,-43.905169361873575,-43.91889883681325,-43.92384863708197,-43.9328792945552,-43.94701314939258,-43.937105580804015,-43.9287234675159,-43.92992559236068,-43.912402573717415,-43.91506671255944,-43.929450737491706,-43.9299193664684,-43.92069666024635,-43.91728762402022,-43.93063038629996,-43.93104587930594,-43.91683238281005,-43.93257790368984,-43.97414322822645,-43.9720833975581,-43.94570576986293,-43.933083204280756,-43.939040568395036,-43.951196616539725,-43.94478267457952,-43.941067008313425,-43.93840672224165,-43.95281213338817,-43.93683836229356,
29.540172825612242,,,-43.8983447595732,-43.886091653534244,-43.897969616401404,-43.92859135415961,-43.951561028190476,-43.90681387205607,-43.91207504272461,-43.94051829173762,,,,,,,,,,,,,,,,,,,,,,,,,,,,,,,,,,,,,-43.965936966537676,-43.97147030581827,-43.967120793024556,
29.440031868346942,,,,,,,,,,,,,,,,,,,,,,,,,,,,,,,,,,,,,,,,,,,,,,,-43.940081867662926,-43.949379839817546,-43.93970943558597,
29.339890911081632,,,-43.94851588034901,-43.9468650841543,-43.94046985538288,-43.9357672265817,-43.93237661635543,-43.92754130576239,-43.94134551502865,-43.969517306796895,-43.95221789720915,-43.923812337683046,-43.951076097486116,-43.95233007008241,-43.95972356892756,-43.968505824109016,-43.97623395275986,-43.95868038406997,-43.94338561377185,-43.93430363814972,-43.928487603677986,-43.93104935803147,-43.94111908957744,-43.9528752518795,-43.95604301050248,-43.96372683665844,-43.96430707202824,-43.95627523618261,-43.94850058395285,-43.93496769172887,-43.933424816764266,-43.95003401837808,-43.95698557456809,-43.94665117949987,-43.937660953270566,-43.93530326461549,-43.922439116009336,-43.91619303044122,-43.93107678513017,-43.957638670671,-43.97638349255909,-43.98093867162958,-43.956998087046536,-43.93345138212525,-43.941147935855284,-43.95582549764199,-43.94091113065691,-43.929723861420676,-43.940950731173245,
29.23974995381633,,-43.94832965882739,-43.94728920938408,-43.94840885197251,-43.93726956347417,-43.93857250371772,-43.934136424832396,-43.92855847403467,-43.943792072017196,-43.96456651791637,-43.9533489862599,-43.92513769590472,-43.95894904643295,-43.945380077320294,-43.955570643178554,-43.97080710437183,-43.975417590331226,-43.96070091281726,-43.93611523992116,-43.93797881860708,-43.92539759586265,-43.93255682844689,-43.94529454223881,-43.947536981305646,-43.95990170771252,-43.968197247191924,-43.96027997132924,-43.9646582061987,-43.93600736272783,-43.94184688112163,-43.92510349153664,-43.95360024169603,-43.9592787739803,-43.94553322220075,-43.94026989313956,-43.93993685477343,-43.924419431366545,-43.909033885974594,-43.94018329261351,-43.9441218488447,-43.97857363813306,-43.994920917314936,-43.95387508711445,-43.937432533134874,-43.92561813506366,-43.9637896005595,-43.960966460898234,-43.94315761928562,-43.944024311140716,
29.13960899655102,,-43.94202414741111,-43.94661495348968,-43.9456650146598,-43.94025830035324,-43.93800172103597,-43.933179240737616,-43.928910388519014,-43.945643679619636,-43.96559609577963,-43.95335108116316,-43.92665647067131,-43.95594646180611,-43.94684140908698,-43.95643834133075,-43.97127891184562,-43.97321283463006,-43.96058211578756,-43.93811022895268,-43.93730394764062,-43.92713932243759,-43.93288812614177,-43.944456843135455,-43.94878525355159,-43.960471609602436,-43.96699930583317,-43.96160277047542,-43.959229335334236,-43.94123536773969,-43.932825725496826,-43.930637093775935,-43.95190202999013,-43.958239635267056,-43.94622033235183,-43.93756297195038,-43.93260026381444,-43.92056190487936,-43.91314067276222,-43.92649800513737,-43.950912985448895,-43.97635814153524,-43.977017924708356,-43.958342843404765,-43.93694205433716,-43.94067269709826,-43.956162856093194,-43.94639884379221,-43.945493974328876,-43.94552931386677,
29.039468039285712,,-43.940535838642674,-43.936978339604465,-43.93616209807263,-43.93671036995913,-43.93816556702744,-43.93189303788273,-43.92473146143098,-43.94421904989771,-43.969728185115635,-43.9523253936758,-43.92450769361805,-43.95075394158778,-43.95204848288616,-43.96004333211397,-43.96862226236668,-43.97511262441277,-43.97202936543839,-43.94364164881065,-43.93689983974118,-43.92856651813293,-43.93098871665884,-43.942740182932845,-43.952172252716885,-43.96327310963396,-43.963894278047235,-43.963016238737126,-43.96518190720626,-43.92884826660156,-43.93523484435599,-43.91510457133423,-43.96113586425781,,-43.944244384765625,,,,,,,,,,,,,,,,
28.939327082020405,,-43.94688445295942,-43.94696625029008,-43.94773854520518,-43.94552048177266,,,,,,,,,,,,,,,,,,,,,,,,,,,,,,,,,,,,,,,,,,,,,
28.839186124755106,,-43.9328973336629,-43.9360202183223,-43.93661596118537,-43.936033598058515,-43.95425407954504,-43.96171663725186,-43.97041334408025,-43.96421351070754,-43.95602108000683,-43.94916425935534,-43.92470062535381,-43.90462840375148,-43.8977703099997,-43.90700633808171,-43.92956908681827,-43.940068267336756,-43.91784100918401,-43.87749212595255,-43.8861708570436,-43.912610118563926,-43.919349327855755,-43.88485667219956,-43.85420352872245,-43.87869590357162,-43.92566846104935,-43.94447935042839,-43.93433885471528,-43.925223525226286,-43.91560791100605,-43.89458829931894,-43.880017090977915,-43.88025007862274,-43.9036943965056,-43.94501119240716,-43.96512494496119,-43.95772948931166,-43.92363864439531,-43.90401505582109,-43.923646150188006,-43.92057846719573,-43.891626766527686,-43.88559736637593,-43.882405282874466,-43.87647626644677,-43.89218271304869,-43.930243999540615,-43.94249219600465,-43.94963574100314,
28.739045167489795,,-43.93767133271216,-43.93844013908396,-43.93715395894434,-43.94107091880729,-43.94940382012446,-43.96668169099927,-43.96505909726577,-43.96583388931792,-43.9566149021695,-43.9611753737645,-43.92661206474377,-43.883315543264544,-43.90055649346954,-43.89542843400825,-43.92728983944104,-43.94211894334556,-43.92791140703993,-43.87272379929628,-43.889449499607146,-43.90726192581086,-43.926476254713286,-43.87372702898967,-43.847671144351885,-43.86596713067312,-43.93612907692515,-43.95290292620403,-43.91882416955282,-43.92923020165814,-43.92522106807849,-43.88523588266241,-43.88667420877873,-43.86400569045597,-43.911668885927995,-43.946303219678825,-43.966434570033385,-43.96479834851805,-43.9237063721005,-43.898249156145646,-43.93339603545316,-43.94313453230335,-43.86230482948617,-43.90262068024767,-43.849966782303746,-43.90374734311982,-43.91894482369007,-43.8897402329397,-43.948667642795805,-43.94770043880854,
28.638904210224492,,-43.93913544347704,-43.9389616003333,-43.93889649104551,-43.944393028298336,-43.953679607327395,-43.964979247466495,-43.96857435493321,-43.96458030425053,-43.95770296271431,-43.95209383136511,-43.92776729040089,-43.904345381679036,-43.89800396475603,-43.90687213058618,-43.92800944303184,-43.9397469186495,-43.92295803127016,-43.877692523537036,-43.88656666555712,-43.914590758793494,-43.91630819685031,-43.87689889808324,-43.85407249724572,-43.88093062702694,-43.92529926965926,-43.9482646745321,-43.93596222496281,-43.92506618460904,-43.91544748939071,-43.89437009699961,-43.879616371870235,-43.88121975020463,-43.906163175382574,-43.95328656076124,-43.9643112352496,-43.96202061382534,-43.92484970843521,-43.90506176657242,-43.92297540915344,-43.923755232725114,-43.89495026336104,-43.884732278644115,-43.886509266172666,-43.873451076082134,-43.888610434485464,-43.93324724390144,-43.94040790008497,-43.946865691083616,
28.538763252959182,,,,-43.94576277870659,-43.951412759515996,-43.954578916023614,-43.97258985026382,-43.96783616483631,-43.97809600830078,-43.95720672607422,,,,,,,,,,,,,,,,,,,,,,,,,,,,,,,,,,,,,-43.958830648486455,-43.95602050793103,-43.957057736293415,
28.438622295693875,,,,,,,,,,,,,,,,,,,,,,,,,,,,,,,,,,,,,,,,,,,,,,,-43.96147985621093,-43.964260513277786,-43.96037897795761,
28.338481338428572,,-43.93926201472528,-43.9479286743181,-43.947640888352545,-43.941782552596095,-43.92646249031758,-43.91168556167273,-43.92110090854966,-43.95323004182755,-43.98074702492382,-43.980388799497575,-43.95728951155223,-43.93370945899877,-43.94236116617825,-43.93104526474845,-43.93732657247122,-43.947279975681624,-43.940997670390715,-43.950173895623024,-43.9875231185558,-44.00022504080354,-44.00045596443087,-43.99264758548746,-43.971184265953156,-43.95437511810106,-43.96743821045628,-43.99301689360045,-43.98738345041178,-43.946434262623264,-43.9349108206986,-43.945950877119046,-43.943950619586104,-43.95612041433291,-43.979047088349645,-43.96103775900531,-43.94378445532144,-43.960863318571846,-43.970179044350886,-43.9737714389996,-43.98572010320391,-44.004898041316046,-44.01089351617334,-44.00163972448572,-43.98056606553261,-43.96397204638292,-43.969395088740356,-43.95982847042651,-43.95314437020526,-43.959140218001465,
28.23834038116327,,-43.94872917025479,-43.94771624860658,-43.9465486490919,-43.94397119601104,-43.9298523063222,-43.92116908722424,-43.90493493067556,-43.96460511321994,-43.97953164266638,-43.97865665536501,-43.961115092909864,-43.92271227562614,-43.94864023369198,-43.93984469077409,-43.896810081075074,-43.96793073307081,-43.92902145129907,-43.94561057206719,-43.98401019283878,-44.01029744442213,-43.99712600542736,-43.99827454794157,-43.974108292526104,-43.94220021126588,-43.95399421146048,-43.99106247059568,-43.99656548393582,-43.940749825466774,-43.929656139005616,-43.95678610858648,-43.939905850488515,-43.95177629798191,-44.00663237629695,-43.960439057857464,-43.92399178220781,-43.968358736713995,-43.97491099869025,-43.96513336070612,-43.98700712904331,-44.006772661973706,-44.01802021160576,-43.998280731034235,-43.981951438703966,-43.95947147515411,-43.97521666104301,-43.96105568505533,-43.95276302967918,-43.957760932910624,
28.13819942389796,,-43.949595892707684,-43.94979466168177,-43.94808100390419,-43.943766031339095,-43.92797389839442,-43.917644189223495,-43.91664203112227,-43.95878273882407,-43.98010938728098,-43.97885074074157,-43.96176450272321,-43.93167836969057,-43.942018168126744,-43.937845449404065,-43.9305510338163,-43.95341485177901,-43.943549788027276,-43.947280078765985,-43.98116334350824,-43.99917041695517,-43.99984581279717,-43.993173547102685,-43.97182845513162,-43.953719790113425,-43.96633395965239,-43.99410621876098,-43.9895840389162,-43.94430404877749,-43.93295265847676,-43.9422375049489,-43.943781106092686,-43.95626650082354,-43.98012058442346,-43.96116182451487,-43.94310252667091,-43.96044631678548,-43.96919784062293,-43.973423183142145,-43.986180550497025,-44.00913024732511,-44.01096137776737,-44.00150222212886,-43.97973238760849,-43.96357730938771,-43.967535567205125,-43.95846146119858,-43.95760762067506,-43.95646619039054,
28.038058466632656,,-43.94652244772717,-43.939283410767736,-43.939189417837476,-43.93456577133735,-43.924795107862785,-43.91041743626593,-43.90644926473962,-43.975689027466636,-43.980809077085716,-43.97982895993643,-43.97380055046659,-43.90359878540039,-43.94358593458775,-43.94205093383789,-43.92584449541317,,-43.91388702392578,-43.92768859863281,,-44.01646423339844,,,,,,,,,,,,,,,,,,,,,,,,,,,,,
27.937917509367345,,-43.936118169047866,-43.94251174790889,-43.9420260777039,-43.94207946358281,,,,,,,,,,,,,,,,-43.98590087890625,,-44.03020366112969,-44.01708221435547,-44.01440048217773,-43.98262023925781,-44.00008773803711,,,,,,,,,,,,,,,,,,,,,,,
27.83777655210204,,-43.96149451895201,-43.95454085094871,-43.95786155570192,-43.957105714402076,-43.97571964563666,-43.98893012218042,-44.01117835120076,-43.99351910327102,-43.97385368142421,-43.96140198065719,-43.97553432591684,-44.007429692620065,-44.03503747866276,-44.032704192414116,-44.029962121255394,-44.032240524680205,-44.02995322732007,-44.02978902101745,-44.014283331460604,-43.98192606558168,-43.98540542015119,-44.0163141961879,-44.01962833205686,-44.00792083400746,-44.00124143661994,-44.00177834711807,-44.00029848248375,-43.98926006720243,-43.96723632452863,-43.9702855810856,-43.97479984348628,-43.97067737006582,-43.96624369755104,-43.97958883678262,-43.99431880521677,-44.00448624900921,-44.0191994028479,-44.01394494222039,-43.995373240956695,-43.99004464028675,-43.99183567286465,-43.986999397579226,-43.99182822029631,-44.003423592576475,-44.003268067291756,-44.006118196098036,-44.00871227138789,-44.009766621470646,
27.737635594836732,,-43.96558067589143,-43.96651150564624,-43.96664305498497,-43.99970420226073,-43.965927941437414,-43.99040756236186,-44.01427957362258,-44.00115125417695,-43.97272894535608,-43.94939232563964,-43.95880552220546,-44.006054923610066,-44.04975102306522,-44.018204989197514,-44.03193847928076,-44.03242556595889,-44.03040653627343,-44.027603759026235,-44.032527365923755,-43.979091076148656,-43.980279154297456,-44.03243011750363,-44.01783369074362,-44.00836458868136,-43.993259429943265,-44.00093134666221,-43.99235769326331,-43.99376150385833,-43.96248978099461,-43.98123321395332,-43.97347547748089,-43.97416053787304,-43.95948301379497,-43.98023150443851,-43.998133883625805,-44.00271808850881,-44.0283428358168,-44.01199287903444,-43.997973204701026,-43.97819988106137,-44.00693595367432,-43.97228025133011,-43.98169632033824,-44.01966224527479,-43.99487951096101,-43.996922348906025,-44.011210166702924,-44.008603232540956,
27.637494637571425,,-43.966472633884486,-43.96648957835818,-43.96730042160324,-43.98191217471851,-43.975896019376506,-43.98707453666132,-44.012198199585335,-43.994611170063585,-43.973708862620796,-43.96173454079477,-43.97005539588178,-44.006421713072804,-44.03322135153305,-44.03442688464038,-44.029278730677625,-44.03185388141456,-44.02929944245412,-44.03033019791817,-44.02116121738132,-43.981367215761786,-43.98839389157791,-44.01935434793727,-44.019902414969174,-44.00748750948148,-44.00302675778352,-43.99865047232791,-44.00170527275972,-43.99214200390946,-43.971061216654306,-43.968727704729694,-43.9761282666797,-43.97074268469191,-43.96371475596691,-43.980430530227174,-43.99545570310902,-44.00707066491818,-44.022144545138005,-44.01652553516434,-43.99268554612734,-43.99203929086293,-43.99120778098777,-43.98900168487499,-43.99189475054748,-44.00130774039698,-44.005228603937645,-44.00733475350985,-44.00255579294159,-44.01349854534716,
27.537353680306122,,,,,,,,,,,,,,,,,,,,,,,,,,,,,,,,,,,,,,,,,,,,,,-44.06037903489197,-44.027155203361374,-44.04763912966127,-44.02442782018149,
27.43721272304082,,,,,,,,,,,,,,,,,,,,,,,,,,,,,,,,,,,-44.01372146606445,-44.05565112826549,-44.065755059850844,-44.06161880493164,-44.01678466796875,-44.02287292480469,-44.06629858548369,-44.0287971496582,-44.02164077758789,-44.07571792602539,-44.05232238769531,-44.03874969482422,-44.00991153012555,-43.998925229551,-44.01009791649716,
27.33707176577551,,-44.000018351515955,-43.998987909218144,-43.997108619473906,-43.998363505124274,-44.008144293605305,-44.0012723559688,-43.99691468251239,-43.99260968461119,-43.99972917547769,-44.02468370568258,-44.02146712774851,-44.005668055501765,-43.99298222576013,-43.969106083567304,-43.938168784655474,-43.96833916031835,-43.97911647604629,-43.96647284782883,-43.969342060332366,-43.99914087549827,-44.02482581396509,-44.03993356442189,-44.034287340039484,-44.0113975935987,-44.008614358333205,-44.03432309167036,-44.043559936046044,-44.02365797553454,-44.00670553632108,-44.02365031515442,-44.03626539578695,-44.02813461884016,-44.01621904548184,-44.028822957800784,-44.05468521899534,-44.06100130339815,-44.045542332712245,-44.02478610757691,-44.0379090114212,-44.05678880347981,-44.04040629944333,-44.037986923157604,-44.055874317025825,-44.051251021462356,-44.031580663706464,-44.025906297042546,-44.02352551988136,-44.02645104321071,
27.236930808510202,,-44.000203131168476,-44.000936552578025,-44.01201935829775,-44.020148215830524,-44.00874328443426,-43.996268708835146,-43.98546029923509,-43.99272570912793,-43.978149568783294,-44.04093220868306,-44.013419695079335,-43.99673460394822,-44.01316858684508,-43.96497181639086,-43.94027213319921,-43.95967721411606,-43.993380323482846,-43.93716607276217,-43.97928927415511,-43.99432479861132,-44.02618969850333,-44.0361907457517,-44.05040554722072,-44.00989130211006,-43.991665010119306,-44.03896258126472,-44.04653314461552,-44.022542783217276,-43.99797256297303,-44.03669385152662,-44.02887123551554,-44.03148644102496,-44.006076428537476,-44.021061483819565,-44.056457510974425,-44.066796066111166,-44.04262081855124,-44.02356858707157,-44.031407416991534,-44.059999102204756,-44.03213285722034,-44.029229870528496,-44.0621217427857,-44.05156889332691,-44.031629367082154,-44.02837189650231,-44.030827992573926,-44.02905901235482,
27.136789851244895,,-44.00156050891575,-44.00296085103885,-43.99976960782629,-43.99937495547665,-44.00778496415457,-44.001645018558,-43.9964722591918,-43.99271322446028,-43.99903091374555,-44.024616421674565,-44.02264877149813,-44.005591581881966,-43.99194634848123,-43.969650436477494,-43.939311313983794,-43.97002329053575,-43.978765106506636,-43.95950861460575,-43.96935735274954,-43.998923292955176,-44.02427516320438,-44.039696343639044,-44.03132591174716,-44.01153887812317,-44.008363773273715,-44.03165748031766,-44.04294763664354,-44.01960251734398,-44.00717914293779,-44.01714038762739,-44.039196750854835,-44.028882968465226,-44.01250713341876,-44.02894740429967,-44.050733798611525,-44.066234838739156,-44.05021655403982,-44.02180845429958,-44.04027835091142,-44.050884263719176,-44.03581451177216,-44.03389360566435,-44.052751989739384,-44.05476950939201,-44.0263763917292,-44.02952616831785,-44.02961957082889,-44.03037616557116,
27.03664889397959,,-44.019235383725224,-44.02063133150145,-44.018453857168076,-44.02465736679555,,,,,,,,,,,,,,,,,,,,,,,,,,,,,,,,,,,,,,,,,,,,,
26.936507936714285,,-44.00616078057534,-44.00001585072499,-44.00337249886747,-44.0009304565979,,,,,,,,,,,,,,,,,,,,,,,,,,,,,,,,,,,,,,,,,-44.05548095703125,-44.0798764985639,-44.07373837740834,,
26.836366979448982,,-43.98804925046638,-43.99356569601953,-43.99003314167389,-43.99804217960629,-44.009971331594066,-44.02773229451624,-44.0270212519215,-44.0207825593909,-44.00145502547759,-43.998585646437164,-44.012619649367316,-44.01307367313325,-44.00261943554983,-44.01421004350782,-44.02949429569866,-44.04235344583944,-44.04001047774985,-44.020242437857405,-44.00904145823977,-44.020612905072326,-44.030406589834016,-44.03460489712125,-44.033619193188876,-44.02488003718761,-44.02432704682703,-44.0344473860589,-44.03436954004511,-44.0188842483574,-44.00643286234453,-44.01547049243559,-44.02558725444733,-44.03165595202033,-44.02665611746708,-44.022696600754685,-44.023234462322854,-44.022378594748226,-44.03303889969483,-44.05016591532735,-44.05665025815195,-44.0479129880684,-44.037049412083476,-44.03273026904349,-44.040520822494656,-44.05625223530975,-44.06719163585933,-44.072331342477256,-44.072712473767815,-44.071267181875875,
26.736226022183672,,-43.98611435198921,-43.98605930173449,-43.98807397859765,-43.96633312879374,-44.01354768527798,-44.04246230406918,-44.022640226661686,-44.032678926432524,-43.99158586915242,-43.985437471631656,-44.01467413445837,-44.02693036423794,-43.989785181135254,-44.01024464511639,-44.02748090512949,-44.048746816252894,-44.03972176742472,-44.01479889809784,-44.00730908214492,-44.02163688431016,-44.03630080380699,-44.02455102137551,-44.04089076007071,-44.01977828066154,-44.016631917826274,-44.04149050473938,-44.04097892800697,-44.02595704662147,-43.99982515988334,-44.01144567023974,-44.02799730963476,-44.0332056394489,-44.02625268860773,-44.02220536575435,-44.02464616989053,-44.02248750009952,-44.02835202706543,-44.04599858544961,-44.06117507318897,-44.04560265555915,-44.03476021863605,-44.03076472180286,-44.03393679367599,-44.059711243000194,-44.061664192667706,-44.06982097261248,-44.068763772662116,-44.07247908054143,
26.636085064918365,,-43.9867717313649,-43.98671844745861,-43.98680566363237,-43.99005178941972,-44.008618693027685,-44.031751069252785,-44.029101449967285,-44.019967710398376,-44.002274878155994,-43.99976313895508,-44.01311869704863,-44.01212542010557,-44.00627902361562,-44.01244930483164,-44.029860124312755,-44.0409230156209,-44.039463565172895,-44.0236945388845,-44.00626564839843,-44.01893202832594,-44.03312582028924,-44.03581843902379,-44.033315626179714,-44.02614668168121,-44.02428257808338,-44.03297809701553,-44.0319347116543,-44.018208484702186,-44.00793171528731,-44.0157978985048,-44.02510102620592,-44.03124291774053,-44.02643838024516,-44.02280322373597,-44.02321390156282,-44.0225296548411,-44.03362057780233,-44.0496754329129,-44.056295753356515,-44.04813672225137,-44.03589225793055,-44.03132462074979,-44.0385966987013,-44.05499628552965,-44.065413088688736,-44.07344595142581,-44.07557779218673,-44.075880832323215,
26.53594410765306,,-44.06284713745117,-44.06284713745117,-44.06284713745117,-44.06284713745117,,,,,,,,,,,,,,,,,,,,,,,,,,,,,,,,,,,,,,,,,,-44.07899744017424,-44.086526428416285,-44.078910425652616,
26.435803150387752,,-44.06284713745117,-44.06284713745117,-44.062847137451165,-44.06284713745117,,,,,,,,,,,,,,,,,,,,,,,,,,,,,,,,,,,,,,,,,-44.04533767700195,-44.07164448989354,-44.068002596968306,-44.07518016740178,
26.33566219312245,,-44.06011976784867,-44.05923950119903,-44.060601097278834,-44.06891056878893,-44.074865879203806,-44.063157002073744,-44.04354627290147,-44.04015249276142,-44.04267923317409,-44.03682825903303,-44.0353565898565,-44.05258111250255,-44.060164044870824,-44.0409901984879,-44.02365716852727,-44.03298144884515,-44.032001593794575,-44.02978926876457,-44.04778247010076,-44.06228158388453,-44.05527492366044,-44.04107960258544,-44.0495368657765,-44.05565553625767,-44.050653239303955,-44.05673270558503,-44.063433431626194,-44.05719099210401,-44.06205242020734,-44.074406330389806,-44.072186368333,-44.05790357440293,-44.042762912218784,-44.037012624259944,-44.048258574290166,-44.07243398652553,-44.069641926291304,-44.04575685610761,-44.02391048262213,-44.03684986332722,-44.067872433051676,-44.085945694352716,-44.078907428307474,-44.0574320277282,-44.04971193308163,-44.064122055893435,-44.06623070045018,-44.063857475082514,
26.235521235857146,,-44.05945230779654,-44.05798979264341,-44.055865978581934,-44.076592858191006,-44.077300803495,-44.06078935005603,-44.038450126661225,-44.03360390029069,-44.04846107192552,-44.03310018126558,-44.03751576329502,-44.048739712530015,-44.06427134308682,-44.04590598790137,-44.00880532814068,-44.03629968124859,-44.03696644694611,-44.02452396279219,-44.052622507694274,-44.070109300036755,-44.051326600612285,-44.0313673813171,-44.05094299621493,-44.05954673286514,-44.047102272112326,-44.053687352080004,-44.087399853100735,-44.04984679349859,-44.06853622546731,-44.07486013647672,-44.07337113748658,-44.05513476500188,-44.051608990996144,-44.032571850816055,-44.05198177480269,-44.07149019297155,-44.08321893899859,-44.0551679652845,-44.019349986723334,-44.03845177171789,-44.06613107142551,-44.094786236182145,-44.08763988356021,-44.05904333282069,-44.04679829350166,-44.06150960609366,-44.060399130937,-44.06228075196196,
26.135380278591835,,-44.058749988699574,-44.058561402123374,-44.06032815543449,-44.06720600169824,-44.074014322440945,-44.06382110594218,-44.04546654255722,-44.04027738191369,-44.043096937499016,-44.037942064060665,-44.035540539177454,-44.05269180179916,-44.05875614578321,-44.040887881256,-44.02588302916712,-44.03242173925954,-44.03406890125099,-44.03035946251691,-44.050308078334666,-44.065530844395944,-44.055486479760695,-44.04063211396431,-44.04953009253536,-44.05605572753231,-44.05030760849962,-44.05752838249688,-44.063782510070986,-44.059613762009675,-44.06695627979291,-44.07778455087216,-44.07211654956873,-44.0622663971328,-44.04222115500672,-44.03746672860331,-44.04898601373476,-44.07203882506028,-44.07456900654508,-44.04703213792575,-44.025790003180475,-44.03970142438359,-44.067298617481086,-44.08400572218193,-44.084788334137485,-44.05932297457752,-44.04815477869512,-44.06058490634862,-44.06141009963339,-44.06063535954328,
26.03523932132653,,-44.052331734441275,-44.062008257575634,-44.055968411613925,-44.061709757153956,,,,,,,,,,,,,,,,,,,,,,,,,,,,,,,,,,,,,,,,,,,,,
25.935098364061226,,-44.045825011960964,-44.04634411118029,-44.04733810065886,-44.042645766718344,-44.04154586791992,,,,,,,,,,,,,,,,,,,,,,,,-44.0391845703125,-44.03752136230469,-44.07676315307617,-44.07554626464844,-44.07717514038086,-44.04637888094252,-44.07946014404297,-44.06462097167969,-43.99191153737814,-44.03521728515625,-44.10025893110092,-44.08438775079097,-44.03598933668564,-44.00127329184117,-44.04136636649905,-44.00999423909679,-44.048124191495134,-44.03372223933639,-44.02156716444723,,
25.834957406795915,,-44.04211977893063,-44.039848013444015,-44.041868382809525,-44.05209551969942,-44.05432624477252,-44.052509552773984,-44.047340747666816,-44.035476228043464,-44.027021470688624,-44.02520180268381,-44.02061748702117,-44.02211410411914,-44.03035531719137,-44.04107689405775,-44.05709546565196,-44.06020812665532,-44.03890987718524,-44.03252580760891,-44.055296182663255,-44.07972482154167,-44.07129647521289,-44.051742112293354,-44.033330621208776,-44.02739832227301,-44.044381112678344,-44.0559126160943,-44.04325243993696,-44.040709718046536,-44.044317989142144,-44.04617969046852,-44.06366499678168,-44.07634343552556,-44.070592978594256,-44.05548333868925,-44.05923794569551,-44.038591556535174,-44.00855401838619,-44.033991870511336,-44.08188167049801,-44.0792465124303,-44.038286996993406,-44.01470749844683,-44.023182684011196,-44.02263057572183,-44.03972294171932,-44.03144645427727,-44.023427032740365,-44.02144204497911,
25.734816449530612,,-44.04072905156582,-44.039248777501506,-44.03937845632807,-44.05319035443258,-44.052862520492845,-44.04801185483108,-44.05215644907571,-44.03117547374619,-44.03439819086265,-44.017238405707246,-44.02741293545868,-44.01799155855657,-44.03727264502836,-44.03635487712308,-44.067028589377045,-44.06996645049588,-44.03095881829473,-44.02445622441328,-44.04983663381925,-44.0907365897382,-44.07919799878729,-44.05231212445501,-44.032840898194266,-44.01454914665446,-44.04534791171533,-44.0658039132258,-44.043295630146226,-44.03932900816611,-44.042450916934634,-44.04065242510852,-44.0684257324308,-44.08031758756534,-44.07504670901855,-44.048581236971216,-44.07321913139847,-44.04469983833107,-43.993539460440466,-44.03029911948219,-44.092330689098496,-44.08107724948782,-44.03694936093018,-44.00839295416235,-44.02703235386028,-44.013695157269765,-44.03843676373257,-44.03512377405171,-44.02231926064869,-44.02154057530014,
25.63467549226531,,-44.03626501429416,-44.03987740892859,-44.03975818142969,-44.050256835037956,-44.05496785764816,-44.05317075256001,-44.049070318695094,-44.03506295470627,-44.026298718742844,-44.02947005791454,-44.02091526172365,-44.024131729879,-44.032058923550274,-44.04133437581311,-44.056557323354454,-44.05823460600056,-44.039758026034455,-44.02845856650094,-44.054139278255086,-44.07907254195285,-44.074129975628495,-44.055608945707824,-44.031113408440284,-44.025639354508826,-44.043821509789126,-44.05914383255938,-44.045487757531795,-44.041467294246935,-44.04421783544314,-44.04623229374236,-44.06282496963708,-44.079785868325544,-44.06899485444598,-44.05803767894932,-44.05513593087558,-44.03949855795721,-44.01086767433032,-44.027366899915734,-44.08262865361383,-44.0766752410749,-44.03931841572611,-44.01504546704116,-44.01939188439347,-44.01690567097752,-44.047351503729764,-44.02839440699614,-44.02309266955817,-44.02253048429889,
25.534534535,,,,,,,,,,,,,,,,,,,,,,,,,,,,,,,,,,,,,,,,,,,,,,,,,,
