Az (Rot),El (Rot),Time
259.1099854,80.70999908,11:26:18
258.4500122,80.76000214,11:26:19
258.1199951,80.77999878,11:26:20
257.4599915,80.81999969,11:26:21
256.7999878,80.86000061,11:26:22
256.4599915,80.87999725,11:26:23
255.8000031,80.91999817,11:26:24
255.4600067,80.94000244,11:26:25
254.7700043,80.98000336,11:26:26
254.0700073,81.01999664,11:26:27
253.7299957,81.02999878,11:26:28
253.0299988,81.06999969,11:26:29
252.6900024,81.08000183,11:26:30
251.9900055,81.12000275,11:26:31
251.2700043,81.15000153,11:26:32
250.9199982,81.16000366,11:26:33
250.2100067,81.19999695,11:26:34
249.8500061,81.20999908,11:26:35
249.1199951,81.23999786,11:26:36
248.3899994,81.26999664,11:26:37
248.0299988,81.27999878,11:26:38
247.3000031,81.30000305,11:26:39
246.9299927,81.30999756,11:26:40
246.1900024,81.33999634,11:26:41
245.4400024,81.36000061,11:26:42
245.0700073,81.37000275,11:26:43
244.3200073,81.38999939,11:26:44
243.9600067,81.40000153,11:26:45
243.2700043,81.43000031,11:26:46
242.6199951,81.44999695,11:26:47
242.3000031,81.47000122,11:26:48
241.6799927,81.5,11:26:49
241.3899994,81.51000214,11:26:50
240.8000031,81.54000092,11:26:51
240.25,81.58000183,11:26:52
239.9900055,81.59999847,11:26:53
239.4700012,81.63999939,11:26:54
239.2100067,81.65000153,11:26:55
238.7100067,81.69000244,11:26:56
238.2200012,81.73000336,11:26:57
237.9900055,81.75,11:26:58
237.5200043,81.80000305,11:26:59
237.2899933,81.81999969,11:27:00
236.8300018,81.86000061,11:27:01
236.3800049,81.91000366,11:27:02
236.1499939,81.93000031,11:27:03
235.7200012,81.98000336,11:27:04
235.5,82.01000214,11:27:05
235.0599976,82.05000305,11:27:06
234.6300049,82.09999847,11:27:07
234.4199982,82.12000275,11:27:08
234,82.16999817,11:27:09
233.7799988,82.19999695,11:27:10
233.3600006,82.25,11:27:11
232.9400024,82.30000305,11:27:12
232.7200012,82.31999969,11:27:13
232.3000031,82.37000275,11:27:14
232.0899963,82.40000153,11:27:15
231.6699982,82.44999695,11:27:16
231.25,82.5,11:27:17
231.0399933,82.51999664,11:27:18
230.6000061,82.56999969,11:27:19
230.3800049,82.59999847,11:27:20
229.9499969,82.65000153,11:27:21
229.5200043,82.69999695,11:27:22
229.3000031,82.73000336,11:27:23
228.8699951,82.77999878,11:27:24
228.6399994,82.80000305,11:27:25
228.2100067,82.84999847,11:27:26
227.7599945,82.90000153,11:27:27
227.5299988,82.93000031,11:27:28
227.0800018,82.98000336,11:27:29
226.8500061,83,11:27:30
226.3899994,83.05000305,11:27:31
225.9299927,83.09999847,11:27:32
225.6900024,83.12999725,11:27:33
225.2100067,83.16999817,11:27:34
224.9700012,83.19999695,11:27:35
224.4900055,83.25,11:27:36
224.0099945,83.30000305,11:27:37
223.7599945,83.31999969,11:27:38
223.2599945,83.37000275,11:27:39
223.0099945,83.38999939,11:27:40
222.5,83.44000244,11:27:41
221.9900055,83.48999786,11:27:42
221.7299957,83.51000214,11:27:43
221.2100067,83.55000305,11:27:44
220.9400024,83.58000183,11:27:45
220.4100037,83.62000275,11:27:46
219.8800049,83.66999817,11:27:47
219.6000061,83.69000244,11:27:48
219.0500031,83.73000336,11:27:49
218.7700043,83.76000214,11:27:50
218.2100067,83.80000305,11:27:51
217.6499939,83.83999634,11:27:52
217.3600006,83.86000061,11:27:53
216.7799988,83.91000366,11:27:54
216.4799957,83.93000031,11:27:55
215.3000031,84.01000214,11:27:56
214.9900055,84.02999878,11:27:57
214.3899994,84.06999969,11:27:58
214.0700073,84.08999634,11:27:59
213.4600067,84.12999725,11:28:01
212.8300018,84.16999817,11:28:02
212.5,84.19000244,11:28:03
211.8600006,84.22000122,11:28:04
211.5299988,84.23999786,11:28:05
210.8899994,84.27999878,11:28:06
210.2299957,84.30999756,11:28:07
209.8899994,84.33000183,11:28:08
209.2200012,84.37000275,11:28:09
208.8699951,84.37999725,11:28:10
208.1900024,84.41999817,11:28:11
207.5,84.44999695,11:28:12
207.1499939,84.47000122,11:28:13
206.4499969,84.5,11:28:14
206.0899963,84.51000214,11:28:15
205.3699951,84.54000092,11:28:16
204.6499939,84.56999969,11:28:17
204.2799988,84.58999634,11:28:18
203.5399933,84.62000275,11:28:19
203.1699982,84.62999725,11:28:20
202.4299927,84.66000366,11:28:21
201.6900024,84.68000031,11:28:22
201.3000031,84.69999695,11:28:23
200.5399933,84.72000122,11:28:24
200.1399994,84.73999786,11:28:25
199.3800049,84.76000214,11:28:26
198.6100006,84.77999878,11:28:27
198.2100067,84.79000092,11:28:28
197.4199982,84.80999756,11:28:29
197.0099945,84.83000183,11:28:30
196.2100067,84.84999847,11:28:31
195.4100037,84.86000061,11:28:32
194.9900055,84.87000275,11:28:33
194.1900024,84.88999939,11:28:34
193.7799988,84.90000153,11:28:35
192.9600067,84.91999817,11:28:36
192.1399994,84.93000031,11:28:37
191.7100067,84.94000244,11:28:38
190.8800049,84.94999695,11:28:39
190.4499969,84.95999908,11:28:40
189.6199951,84.97000122,11:28:41
188.7899933,84.98000336,11:28:42
188.3500061,84.98999786,11:28:43
187.5,85,11:28:44
187.0700073,85,11:28:45
186.2100067,85.01000214,11:28:46
185.3699951,85.01999664,11:28:47
184.9299927,85.01999664,11:28:48
184.0800018,85.02999878,11:28:49
183.6300049,85.02999878,11:28:50
182.7700043,85.02999878,11:28:51
181.9100037,85.04000092,11:28:52
181.4600067,85.04000092,11:28:53
180.5899963,85.04000092,11:28:54
180.1600037,85.04000092,11:28:55
179.3200073,85.04000092,11:28:56
178.4600067,85.04000092,11:28:57
178.0200043,85.04000092,11:28:58
177.1600037,85.02999878,11:28:59
176.7100067,85.02999878,11:29:00
175.8500061,85.01999664,11:29:01
175.0099945,85.01999664,11:29:02
174.5800018,85.01999664,11:29:03
173.7299957,85.01000214,11:29:04
173.2899933,85,11:29:05
172.4400024,84.98999786,11:29:06
171.6000061,84.98000336,11:29:07
171.1699982,84.98000336,11:29:08
170.3399963,84.97000122,11:29:09
169.9199982,84.95999908,11:29:10
169.0800018,84.94999695,11:29:11
168.25,84.93000031,11:29:12
167.8300018,84.91999817,11:29:13
167.0099945,84.91000366,11:29:14
166.5899963,84.90000153,11:29:15
165.7899933,84.87999725,11:29:16
164.9900055,84.86000061,11:29:17
164.5800018,84.84999847,11:29:18
163.7799988,84.83000183,11:29:19
163.3699951,84.81999969,11:29:20
162.5800018,84.80000305,11:29:21
161.8099976,84.77999878,11:29:22
161.4199982,84.76999664,11:29:23
160.6399994,84.73999786,11:29:24
160.25,84.73000336,11:29:25
159.4799957,84.69999695,11:29:26
158.7299957,84.68000031,11:29:27
158.3399963,84.66000366,11:29:28
157.6100006,84.63999939,11:29:29
157.2400055,84.62000275,11:29:30
156.5,84.58999634,11:29:31
155.7799988,84.56999969,11:29:32
155.4100037,84.55000305,11:29:33
154.6900024,84.51999664,11:29:34
154.3200073,84.5,11:29:35
153.6199951,84.47000122,11:29:36
152.9400024,84.44000244,11:29:37
152.5899963,84.41999817,11:29:38
151.9100037,84.38999939,11:29:39
151.5599976,84.37000275,11:29:40
150.8699951,84.33999634,11:29:41
150.2100067,84.30000305,11:29:42
149.8699951,84.29000092,11:29:43
149.2299957,84.25,11:29:44
148.8999939,84.23000336,11:29:45
148.2599945,84.19999695,11:29:46
147.6199951,84.16000366,11:29:47
147.2799988,84.13999939,11:29:48
146.6799927,84.09999847,11:29:49
146.3600006,84.08000183,11:29:50
145.7700043,84.04000092,11:29:51
145.2200012,84,11:29:52
144.9600067,83.98999786,11:29:53
144.4900055,83.95999908,11:29:54
144.2700043,83.94000244,11:29:55
143.8600006,83.91000366,11:29:56
143.5099945,83.88999939,11:29:57
143.3399963,83.87999725,11:29:58
143.0399933,83.86000061,11:29:59
142.8999939,83.84999847,11:30:00
142.6499939,83.83000183,11:30:01
142.4199982,83.80999756,11:30:02
142.3099976,83.80000305,11:30:03
142.1199951,83.79000092,11:30:04
142.0399933,83.77999878,11:30:05
141.8699951,83.76999664,11:30:06
141.7200012,83.76000214,11:30:07
141.6499939,83.76000214,11:30:08
141.5299988,83.75,11:30:09
141.4700012,83.73999786,11:30:10
141.3600006,83.73999786,11:30:11
141.2700043,83.73000336,11:30:12
141.2299957,83.73000336,11:30:13
141.1499939,83.72000122,11:30:14
141.1100006,83.72000122,11:30:15
141.0500031,83.72000122,11:30:16
140.9900055,83.70999908,11:30:17
140.9700012,83.70999908,11:30:18
140.9199982,83.70999908,11:30:19
140.9100037,83.70999908,11:30:20
140.8699951,83.70999908,11:30:21
140.8500061,83.70999908,11:30:22
140.8399963,83.70999908,11:30:23
140.8200073,83.69999695,11:30:24
140.8099976,83.69999695,11:30:25
140.8000031,83.69999695,11:30:26
140.7899933,83.69999695,11:30:27
140.7899933,83.69999695,11:30:28
140.7799988,83.69999695,11:30:29
140.7799988,83.69999695,11:30:30
140.7799988,83.70999908,11:30:31
140.7799988,83.70999908,11:30:32
140.7899933,83.70999908,11:30:33
140.8000031,83.70999908,11:30:34
140.8099976,83.70999908,11:30:35
140.8200073,83.70999908,11:30:36
140.8300018,83.70999908,11:30:37
140.8399963,83.70999908,11:30:39
140.8500061,83.70999908,11:30:40
140.8699951,83.72000122,11:30:41
140.8899994,83.72000122,11:30:42
140.8999939,83.72000122,11:30:43
140.9199982,83.72000122,11:30:44
140.9299927,83.72000122,11:30:45
140.9600067,83.72000122,11:30:46
140.9799957,83.73000336,11:30:47
140.9900055,83.73000336,11:30:48
141.0200043,83.73000336,11:30:49
141.0299988,83.73000336,11:30:50
141.0500031,83.73000336,11:30:51
141.0800018,83.73000336,11:30:52
141.0899963,83.73999786,11:30:53
141.1199951,83.73999786,11:30:54
141.1399994,83.73999786,11:30:55
141.1600037,83.73999786,11:30:56
141.1900024,83.73999786,11:30:57
141.2100067,83.75,11:30:58
141.2299957,83.75,11:30:59
141.25,83.75,11:31:00
141.2799988,83.75,11:31:01
141.3099976,83.76000214,11:31:02
141.3200073,83.76000214,11:31:03
141.3500061,83.76000214,11:31:04
141.3699951,83.76000214,11:31:05
141.3999939,83.76000214,11:31:06
141.4299927,83.76999664,11:31:07
141.4400024,83.76999664,11:31:08
141.4700012,83.76999664,11:31:09
141.4900055,83.76999664,11:31:10
141.5200043,83.76999664,11:31:11
141.5500031,83.77999878,11:31:12
141.5700073,83.77999878,11:31:13
141.6000061,83.77999878,11:31:14
141.6199951,83.77999878,11:31:15
141.6499939,83.77999878,11:31:16
141.6799927,83.79000092,11:31:17
141.6999969,83.79000092,11:31:18
141.7200012,83.79000092,11:31:19
141.7400055,83.79000092,11:31:20
141.7700043,83.80000305,11:31:21
141.8000031,83.80000305,11:31:22
141.8200073,83.80000305,11:31:23
141.8500061,83.80000305,11:31:24
141.8600006,83.80000305,11:31:25
141.8899994,83.80999756,11:31:26
141.9199982,83.80999756,11:31:27
141.9400024,83.80999756,11:31:28
141.9700012,83.80999756,11:31:29
141.9900055,83.80999756,11:31:30
142.0200043,83.81999969,11:31:31
142.0500031,83.81999969,11:31:32
142.0700073,83.81999969,11:31:33
142.1000061,83.81999969,11:31:34
142.1199951,83.81999969,11:31:35
142.1499939,83.83000183,11:31:36
142.1799927,83.83000183,11:31:37
142.1999969,83.83000183,11:31:38
142.2299957,83.83000183,11:31:39
142.25,83.83000183,11:31:40
142.2799988,83.83999634,11:31:41
142.3099976,83.83999634,11:31:42
142.3300018,83.83999634,11:31:43
142.3600006,83.83999634,11:31:44
142.3800049,83.83999634,11:31:45
142.4100037,83.84999847,11:31:46
142.4400024,83.84999847,11:31:47
142.4600067,83.84999847,11:31:48
142.5,83.84999847,11:31:49
142.5099945,83.86000061,11:31:50
142.5500031,83.86000061,11:31:51
142.5800018,83.86000061,11:31:52
142.6000061,83.86000061,11:31:53
142.6300049,83.86000061,11:31:54
142.6499939,83.87000275,11:31:55
142.6900024,83.87000275,11:31:56
142.7200012,83.87000275,11:31:57
142.7400055,83.87000275,11:31:58
142.7799988,83.87999725,11:31:59
142.7899933,83.87999725,11:32:00
142.8300018,83.87999725,11:32:01
142.8699951,83.87999725,11:32:02
142.8899994,83.87999725,11:32:03
142.9199982,83.88999939,11:32:04
142.9400024,83.88999939,11:32:05
142.9700012,83.88999939,11:32:06
143.0099945,83.88999939,11:32:07
143.0299988,83.88999939,11:32:08
143.0599976,83.90000153,11:32:09
143.0800018,83.90000153,11:32:10
142.8699951,83.88999939,11:32:11
142.3699951,83.84999847,11:32:12
142.1000061,83.83000183,11:32:13
141.5700073,83.77999878,11:32:14
141.3099976,83.76000214,11:32:15
140.75,83.70999908,11:32:16
140.2200012,83.66999817,11:32:17
139.9499969,83.63999939,11:32:18
139.4400024,83.58999634,11:32:19
139.1999969,83.56999969,11:32:20
138.6799927,83.51999664,11:32:21
138.1699982,83.48000336,11:32:22
137.9100037,83.44999695,11:32:23
137.4100037,83.40000153,11:32:24
137.1699982,83.37999725,11:32:25
136.6799927,83.33000183,11:32:26
136.2100067,83.27999878,11:32:27
135.9600067,83.26000214,11:32:28
135.4900055,83.20999908,11:32:29
135.2599945,83.18000031,11:32:30
134.7799988,83.12999725,11:32:31
134.3300018,83.08000183,11:32:32
134.1000061,83.05000305,11:32:33
133.6600037,83,11:32:34
133.4499969,82.98000336,11:32:35
133,82.91999817,11:32:36
132.5599976,82.87000275,11:32:37
132.3399963,82.83999634,11:32:38
131.9199982,82.79000092,11:32:39
131.7100067,82.76999664,11:32:40
131.2899933,82.70999908,11:32:41
130.8800049,82.66000366,11:32:42
130.6900024,82.62999725,11:32:43
130.2899933,82.58000183,11:32:44
130.0899963,82.55000305,11:32:45
129.6900024,82.5,11:32:46
129.3099976,82.44999695,11:32:47
129.1100006,82.41999817,11:32:48
128.7299957,82.36000061,11:32:49
128.5299988,82.33000183,11:32:50
128.1600037,82.27999878,11:32:51
127.7799988,82.22000122,11:32:52
127.6100006,82.19999695,11:32:53
127.25,82.13999939,11:32:54
127.0699997,82.11000061,11:32:55
126.7099991,82.05000305,11:32:56
126.3600006,82,11:32:57
126.1900024,81.97000122,11:32:58
125.8499985,81.91000366,11:32:59
125.6800003,81.87999725,11:33:00
125.3799973,81.83000183,11:33:01
125.0999985,81.77999878,11:33:02
124.9800034,81.76000214,11:33:03
124.75,81.72000122,11:33:04
124.6500015,81.70999908,11:33:05
124.4499969,81.66999817,11:33:06
124.2900009,81.63999939,11:33:07
124.2099991,81.62999725,11:33:08
124,81.58999634,11:33:09
123.8700027,81.56999969,11:33:10
123.7600021,81.55000305,11:33:11
123.7099991,81.54000092,11:33:12
123.6200027,81.51999664,11:33:14
123.5800018,81.51000214,11:33:15
123.5,81.5,11:33:16
123.4300003,81.48000336,11:33:17
123.4000015,81.48000336,11:33:18
123.3399963,81.47000122,11:33:19
123.3099976,81.45999908,11:33:20
123.2699966,81.44999695,11:33:21
123.2200012,81.44999695,11:33:22
123.1999969,81.44000244,11:33:23
123.1699982,81.44000244,11:33:24
123.1500015,81.43000031,11:33:25
123.1299973,81.43000031,11:33:26
123.0999985,81.41999817,11:33:27
123.0899963,81.41999817,11:33:28
123.0800018,81.41999817,11:33:29
123.0699997,81.41999817,11:33:30
123.0599976,81.41000366,11:33:31
123.0500031,81.41000366,11:33:32
123.0400009,81.41000366,11:33:33
123.0299988,81.41000366,11:33:34
123.0299988,81.41000366,11:33:35
123.0299988,81.41000366,11:33:36
123.0299988,81.41000366,11:33:37
123.0299988,81.41000366,11:33:38
123.0199966,81.41000366,11:33:39
123.0199966,81.41000366,11:33:40
123.0299988,81.41000366,11:33:41
123.0299988,81.41000366,11:33:42
123.0299988,81.41000366,11:33:43
123.0400009,81.41000366,11:33:44
123.0400009,81.41000366,11:33:45
123.0500031,81.41999817,11:33:46
123.0599976,81.41999817,11:33:47
123.0599976,81.41999817,11:33:48
123.0699997,81.41999817,11:33:49
123.0800018,81.41999817,11:33:50
123.0899963,81.41999817,11:33:51
123.0999985,81.43000031,11:33:52
123.1100006,81.43000031,11:33:53
123.1200027,81.43000031,11:33:54
123.1200027,81.43000031,11:33:55
123.1399994,81.44000244,11:33:56
123.1500015,81.44000244,11:33:57
123.1600037,81.44000244,11:33:58
123.1699982,81.44000244,11:33:59
123.1800003,81.44000244,11:34:00
123.1900024,81.44999695,11:34:01
123.1999969,81.44999695,11:34:02
123.2099991,81.44999695,11:34:03
123.2300034,81.44999695,11:34:04
123.2300034,81.45999908,11:34:05
123.25,81.45999908,11:34:06
123.2600021,81.45999908,11:34:07
123.2699966,81.45999908,11:34:08
123.2900009,81.47000122,11:34:09
123.2900009,81.47000122,11:34:10
123.3099976,81.47000122,11:34:11
123.3300018,81.48000336,11:34:12
123.3399963,81.48000336,11:34:13
123.3499985,81.48000336,11:34:14
123.3600006,81.48000336,11:34:15
123.3799973,81.48999786,11:34:16
123.3899994,81.48999786,11:34:17
123.4000015,81.48999786,11:34:18
123.4100037,81.5,11:34:19
123.4300003,81.5,11:34:20
123.4400024,81.5,11:34:21
123.4599991,81.5,11:34:22
123.4700012,81.51000214,11:34:23
123.4800034,81.51000214,11:34:24
123.4899979,81.51000214,11:34:25
123.5100021,81.51000214,11:34:26
123.5299988,81.51999664,11:34:27
123.5400009,81.51999664,11:34:28
123.5500031,81.51999664,11:34:29
123.5599976,81.51999664,11:34:30
123.5800018,81.52999878,11:34:31
123.5999985,81.52999878,11:34:32
123.6100006,81.52999878,11:34:33
123.6200027,81.54000092,11:34:34
123.6299973,81.54000092,11:34:35
123.6500015,81.54000092,11:34:36
123.6699982,81.55000305,11:34:37
123.6800003,81.55000305,11:34:38
123.6999969,81.55000305,11:34:39
123.7099991,81.55000305,11:34:40
123.7300034,81.55999756,11:34:41
123.75,81.55999756,11:34:42
123.75,81.55999756,11:34:43
123.7699966,81.55999756,11:34:44
123.7799988,81.56999969,11:34:45
123.8000031,81.56999969,11:34:46
123.8199997,81.56999969,11:34:47
123.8300018,81.58000183,11:34:48
123.8499985,81.58000183,11:34:49
123.8600006,81.58000183,11:34:50
123.8799973,81.58000183,11:34:51
123.9000015,81.58999634,11:34:52
123.9100037,81.58999634,11:34:53
123.9300003,81.58999634,11:34:54
123.9400024,81.58999634,11:34:55
123.9599991,81.59999847,11:34:56
123.9800034,81.59999847,11:34:57
123.9899979,81.59999847,11:34:58
124.0100021,81.61000061,11:34:59
124.0199966,81.61000061,11:35:00
124.0400009,81.61000061,11:35:01
124.0599976,81.62000275,11:35:02
124.0699997,81.62000275,11:35:03
124.0899963,81.62000275,11:35:04
124.0999985,81.62000275,11:35:05
124.1200027,81.62999725,11:35:06
124.1399994,81.62999725,11:35:07
124.1500015,81.62999725,11:35:08
124.1699982,81.62999725,11:35:09
124.1800003,81.63999939,11:35:10
124.1999969,81.63999939,11:35:11
124.2200012,81.63999939,11:35:12
124.2300034,81.65000153,11:35:13
124.25,81.65000153,11:35:14
124.2600021,81.65000153,11:35:15
124.2799988,81.65000153,11:35:16
124.3000031,81.66000366,11:35:17
124.3099976,81.66000366,11:35:18
124.3300018,81.66000366,11:35:19
124.3499985,81.66999817,11:35:20
124.3700027,81.66999817,11:35:21
124.3899994,81.66999817,11:35:22
124.4000015,81.66999817,11:35:23
124.4199982,81.68000031,11:35:24
124.4300003,81.68000031,11:35:25
124.4499969,81.68000031,11:35:26
124.4700012,81.69000244,11:35:27
124.4800034,81.69000244,11:35:28
124.5,81.69000244,11:35:29
124.5100021,81.69000244,11:35:30
124.5299988,81.69999695,11:35:31
124.5500031,81.69999695,11:35:32
124.5599976,81.69999695,11:35:33
124.5699997,81.70999908,11:35:34
124.5800018,81.70999908,11:35:35
124.6100006,81.70999908,11:35:36
124.6299973,81.70999908,11:35:37
124.6399994,81.72000122,11:35:38
124.6500015,81.72000122,11:35:39
124.6600037,81.72000122,11:35:40
124.6800003,81.72000122,11:35:41
124.6900024,81.73000336,11:35:42
124.6999969,81.73000336,11:35:43
124.7099991,81.73000336,11:35:44
124.7300034,81.73000336,11:35:45
124.75,81.73000336,11:35:47
124.7699966,81.73999786,11:35:48
124.7900009,81.73999786,11:35:49
124.8000031,81.73999786,11:35:50
124.8199997,81.75,11:35:51
124.8499985,81.75,11:35:52
124.8600006,81.75,11:35:53
124.8799973,81.76000214,11:35:54
124.8899994,81.76000214,11:35:55
124.9100037,81.76000214,11:35:56
124.9400024,81.76999664,11:35:57
124.9400024,81.76999664,11:35:58
125.0100021,81.76999664,11:35:59
125.0999985,81.76999664,11:36:00
125.2399979,81.76000214,11:36:01
125.4000015,81.75,11:36:02
125.5,81.73999786,11:36:03
125.6999969,81.72000122,11:36:04
125.8099976,81.70999908,11:36:05
126,81.69000244,11:36:06
126.1800003,81.66999817,11:36:07
126.2600021,81.66999817,11:36:08
126.4300003,81.65000153,11:36:09
126.5,81.65000153,11:36:10
126.6399994,81.63999939,11:36:11
126.7699966,81.62999725,11:36:12
126.8300018,81.62000275,11:36:13
126.9400024,81.61000061,11:36:14
126.9899979,81.61000061,11:36:15
127.0899963,81.59999847,11:36:16
127.1900024,81.59999847,11:36:17
127.2300034,81.58999634,11:36:18
127.3099976,81.58999634,11:36:19
127.3499985,81.58999634,11:36:20
127.4300003,81.58000183,11:36:21
127.5,81.58000183,11:36:22
127.5299988,81.58000183,11:36:23
127.5999985,81.58000183,11:36:24
127.6200027,81.58000183,11:36:25
127.6800003,81.56999969,11:36:26
127.7399979,81.56999969,11:36:27
127.7699966,81.56999969,11:36:28
127.8199997,81.56999969,11:36:29
127.8399963,81.56999969,11:36:30
127.8899994,81.56999969,11:36:31
127.9400024,81.56999969,11:36:32
127.9599991,81.56999969,11:36:33
128,81.56999969,11:36:34
128.0200043,81.58000183,11:36:35
128.0599976,81.58000183,11:36:36
128.0899963,81.58000183,11:36:37
128.1100006,81.58000183,11:36:38
128.1399994,81.58000183,11:36:39
128.1600037,81.58000183,11:36:40
128.1900024,81.58000183,11:36:41
128.2299957,81.58000183,11:36:42
128.2400055,81.58000183,11:36:43
128.2799988,81.58999634,11:36:44
128.2899933,81.58999634,11:36:45
128.3200073,81.58999634,11:36:46
128.3399963,81.58999634,11:36:47
128.3600006,81.58999634,11:36:48
128.3800049,81.59999847,11:36:49
128.3899994,81.59999847,11:36:50
128.4199982,81.59999847,11:36:51
128.4499969,81.59999847,11:36:52
128.4700012,81.59999847,11:36:53
128.5,81.61000061,11:36:54
128.5099945,81.61000061,11:36:55
128.5299988,81.61000061,11:36:56
128.5500031,81.61000061,11:36:57
128.5599976,81.61000061,11:36:58
128.5899963,81.62000275,11:36:59
128.6000061,81.62000275,11:37:00
128.6199951,81.62000275,11:37:01
128.6399994,81.62999725,11:37:02
128.6600037,81.62999725,11:37:03
128.6999969,81.62999725,11:37:04
128.7100067,81.62999725,11:37:05
128.7400055,81.62999725,11:37:06
128.7599945,81.62999725,11:37:07
128.7799988,81.63999939,11:37:08
128.8000031,81.63999939,11:37:09
128.8099976,81.63999939,11:37:10
128.8300018,81.65000153,11:37:11
128.8500061,81.65000153,11:37:12
128.8600006,81.65000153,11:37:13
128.8800049,81.65000153,11:37:14
128.8899994,81.65000153,11:37:15
128.9199982,81.66000366,11:37:16
128.9400024,81.66000366,11:37:17
128.9499969,81.66000366,11:37:18
128.9700012,81.66999817,11:37:19
128.9799957,81.66999817,11:37:20
129,81.66999817,11:37:21
129.0200043,81.68000031,11:37:22
129.0299988,81.68000031,11:37:23
129.0500031,81.68000031,11:37:24
129.0599976,81.68000031,11:37:25
129.0800018,81.69000244,11:37:26
129.1000061,81.69000244,11:37:27
129.1100006,81.69000244,11:37:28
129.1399994,81.69999695,11:37:29
129.1600037,81.69999695,11:37:30
129.1799927,81.69999695,11:37:31
129.1999969,81.70999908,11:37:32
129.2100067,81.70999908,11:37:33
129.2200012,81.70999908,11:37:34
129.2299957,81.70999908,11:37:35
129.25,81.72000122,11:37:36
129.2700043,81.72000122,11:37:37
129.4100037,81.73000336,11:37:38
129.8600006,81.77999878,11:37:39
130.0399933,81.80000305,11:37:40
130.3899994,81.86000061,11:37:41
130.75,81.91999817,11:37:42
130.9299927,81.94999695,11:37:43
131.3000031,82,11:37:44
131.4799957,82.02999878,11:37:45
131.8600006,82.08999634,11:37:46
132.2599945,82.13999939,11:37:47
132.4499969,82.16999817,11:37:48
132.9400024,82.23999786,11:37:49
133.1399994,82.26999664,11:37:50
133.5200043,82.31999969,11:37:51
133.9299927,82.37000275,11:37:52
134.1300049,82.38999939,11:37:53
134.5500031,82.44999695,11:37:54
134.75,82.47000122,11:37:55
135.1799927,82.51999664,11:37:56
135.6100006,82.58000183,11:37:57
135.8300018,82.59999847,11:37:58
136.2700043,82.65000153,11:37:59
136.4900055,82.68000031,11:38:00
136.9199982,82.72000122,11:38:01
137.3699951,82.76999664,11:38:02
137.6100006,82.80000305,11:38:03
138.0800018,82.83999634,11:38:04
138.3200073,82.87000275,11:38:05
138.7899933,82.91999817,11:38:06
139.2700043,82.95999908,11:38:07
139.5099945,82.98999786,11:38:08
139.9900055,83.02999878,11:38:09
140.2400055,83.05000305,11:38:10
140.7400055,83.09999847,11:38:11
141.25,83.15000153,11:38:12
141.5,83.16999817,11:38:13
142.0099945,83.20999908,11:38:14
142.2700043,83.23000336,11:38:15
142.7799988,83.26999664,11:38:16
143.3099976,83.31999969,11:38:17
143.5800018,83.33999634,11:38:18
144.0500031,83.37999725,11:38:19
144.3200073,83.40000153,11:38:20
144.8600006,83.44000244,11:38:21
145.3999939,83.48000336,11:38:22
145.6900024,83.5,11:38:23
146.25,83.54000092,11:38:24
146.5399933,83.55999756,11:38:25
147.7100067,83.62999725,11:38:26
147.9900055,83.65000153,11:38:27
148.5899963,83.69000244,11:38:28
148.8699951,83.70999908,11:38:30
149.4700012,83.73999786,11:38:31
150.1000061,83.77999878,11:38:32
150.4199982,83.80000305,11:38:33
151,83.83000183,11:38:34
151.2899933,83.84999847,11:38:35
151.8099976,83.87000275,11:38:36
152.3000031,83.90000153,11:38:37
152.5299988,83.91000366,11:38:38
152.9799957,83.93000031,11:38:39
153.1900024,83.94000244,11:38:40
153.5800018,83.95999908,11:38:41
153.9400024,83.98000336,11:38:42
154.1100006,83.98999786,11:38:43
154.4400024,84,11:38:44
154.5800018,84.01000214,11:38:45
154.8500061,84.01999664,11:38:46
155.1100006,84.02999878,11:38:47
155.2400055,84.04000092,11:38:48
155.4700012,84.05000305,11:38:49
155.5800018,84.05999756,11:38:50
155.7799988,84.05999756,11:38:51
155.9799957,84.06999969,11:38:52
156.0700073,84.08000183,11:38:53
156.2599945,84.08999634,11:38:54
156.3399963,84.08999634,11:38:55
156.5099945,84.09999847,11:38:56
156.6600037,84.09999847,11:38:57
156.7299957,84.09999847,11:38:58
156.8600006,84.11000061,11:38:59
156.9299927,84.11000061,11:39:00
157.0500031,84.12000275,11:39:01
157.1600037,84.12000275,11:39:02
157.2200012,84.12000275,11:39:03
157.3300018,84.12999725,11:39:04
157.3800049,84.12999725,11:39:05
157.4799957,84.12999725,11:39:06
157.5800018,84.13999939,11:39:07
157.6300049,84.13999939,11:39:08
157.7200012,84.13999939,11:39:09
157.7599945,84.15000153,11:39:10
157.8399963,84.15000153,11:39:11
157.9199982,84.15000153,11:39:12
157.9600067,84.15000153,11:39:13
158.0299988,84.16000366,11:39:14
158.0700073,84.16000366,11:39:15
158.1399994,84.16000366,11:39:16
158.2100067,84.16000366,11:39:17
158.2400055,84.16000366,11:39:18
158.3000031,84.16999817,11:39:19
158.3399963,84.16999817,11:39:20
158.4100037,84.16999817,11:39:21
158.4700012,84.16999817,11:39:22
158.4900055,84.16999817,11:39:23
158.5500031,84.18000031,11:39:24
158.5800018,84.18000031,11:39:25
158.6300049,84.18000031,11:39:26
158.6799927,84.18000031,11:39:27
158.7100067,84.18000031,11:39:28
158.7599945,84.18000031,11:39:29
158.7799988,84.18000031,11:39:30
158.8399963,84.19000244,11:39:31
158.8800049,84.19000244,11:39:32
158.8999939,84.19000244,11:39:33
158.9499969,84.19000244,11:39:34
158.9700012,84.19000244,11:39:35
159.0200043,84.19000244,11:39:36
159.0599976,84.19000244,11:39:37
159.0899963,84.19999695,11:39:38
159.1300049,84.19999695,11:39:39
159.1600037,84.19999695,11:39:40
159.1999969,84.19999695,11:39:41
159.25,84.19999695,11:39:42
159.2799988,84.19999695,11:39:43
159.3200073,84.19999695,11:39:44
159.3399963,84.19999695,11:39:45
159.3800049,84.20999908,11:39:46
159.4299927,84.20999908,11:39:47
159.4499969,84.20999908,11:39:48
159.5,84.20999908,11:39:49
159.4400024,84.23000336,11:39:50
159.5700073,84.20999908,11:39:51
159.6100006,84.20999908,11:39:52
159.6399994,84.20999908,11:39:53
159.6900024,84.22000122,11:39:54
159.7100067,84.22000122,11:39:55
159.75,84.22000122,11:39:56
159.7899933,84.22000122,11:39:57
159.8099976,84.22000122,11:39:58
159.8500061,84.22000122,11:39:59
159.8699951,84.22000122,11:40:00
159.9199982,84.22000122,11:40:01
159.9600067,84.23000336,11:40:02
159.9900055,84.23000336,11:40:03
160.0299988,84.23000336,11:40:04
160.0500031,84.23000336,11:40:05
160.1000061,84.23000336,11:40:06
160.1499939,84.23000336,11:40:07
160.1699982,84.23000336,11:40:08
160.2100067,84.23000336,11:40:09
160.2299957,84.23999786,11:40:10
160.2799988,84.23999786,11:40:11
160.3300018,84.23999786,11:40:12
160.3399963,84.23999786,11:40:13
160.3899994,84.23999786,11:40:14
160.4100037,84.23999786,11:40:15
160.4499969,84.23999786,11:40:16
160.4900055,84.25,11:40:17
160.5200043,84.25,11:40:18
160.5599976,84.25,11:40:19
160.5899963,84.25,11:40:20
160.7599945,84.23000336,11:40:21
160.9400024,84.19000244,11:40:22
161.0200043,84.16999817,11:40:23
161.1799927,84.12999725,11:40:24
161.2599945,84.12000275,11:40:25
161.4100037,84.08000183,11:40:26
161.5399933,84.05000305,11:40:27
161.6000061,84.04000092,11:40:28
161.7100067,84.01000214,11:40:29
161.7700043,84,11:40:30
161.8800049,83.98000336,11:40:31
161.9799957,83.95999908,11:40:32
162.0200043,83.94999695,11:40:33
162.1100006,83.93000031,11:40:34
162.1499939,83.93000031,11:40:35
162.2299957,83.91000366,11:40:36
162.3000031,83.90000153,11:40:37
162.3399963,83.90000153,11:40:38
162.4100037,83.88999939,11:40:39
162.4499969,83.87999725,11:40:40
162.5099945,83.87999725,11:40:41
162.5700073,83.87000275,11:40:42
162.6000061,83.86000061,11:40:43
162.6600037,83.86000061,11:40:44
162.6900024,83.86000061,11:40:45
162.75,83.84999847,11:40:46
162.8000031,83.84999847,11:40:47
162.8200073,83.84999847,11:40:48
162.8699951,83.83999634,11:40:49
162.8999939,83.83999634,11:40:50
162.9499969,83.83999634,11:40:51
163.0099945,83.83999634,11:40:52
163.0299988,83.83999634,11:40:53
163.0700073,83.83999634,11:40:54
163.0899963,83.83000183,11:40:55
163.1399994,83.83000183,11:40:56
163.1900024,83.83000183,11:40:57
163.2100067,83.83000183,11:40:58
163.2599945,83.83000183,11:40:59
163.2799988,83.83000183,11:41:00
163.3200073,83.83000183,11:41:01
163.3699951,83.83000183,11:41:02
163.3899994,83.83000183,11:41:03
163.4400024,83.83000183,11:41:04
163.4600067,83.83000183,11:41:05
163.5,83.83000183,11:41:06
163.5599976,83.83000183,11:41:07
163.6000061,83.83000183,11:41:08
163.6199951,83.83000183,11:41:09
163.6699982,83.83000183,11:41:10
163.7100067,83.83000183,11:41:12
163.7299957,83.83000183,11:41:13
163.7700043,83.83000183,11:41:14
163.7899933,83.83000183,11:41:15
163.8300018,83.83000183,11:41:16
163.8800049,83.83999634,11:41:17
163.8999939,83.83999634,11:41:18
163.9400024,83.83999634,11:41:19
163.9600067,83.83999634,11:41:20
164,83.83999634,11:41:21
164.0399933,83.83999634,11:41:22
164.0599976,83.83999634,11:41:23
164.1100006,83.83999634,11:41:24
164.1300049,83.83999634,11:41:25
164.1699982,83.83999634,11:41:26
164.1999969,83.83999634,11:41:27
164.2299957,83.83999634,11:41:28
164.2700043,83.83999634,11:41:29
164.2899933,83.84999847,11:41:30
164.3300018,83.84999847,11:41:31
164.3699951,83.84999847,11:41:32
164.3899994,83.84999847,11:41:33
164.4299927,83.84999847,11:41:34
164.4499969,83.84999847,11:41:35
164.5,83.84999847,11:41:36
164.5399933,83.84999847,11:41:37
164.5599976,83.84999847,11:41:38
164.6000061,83.84999847,11:41:39
164.6199951,83.84999847,11:41:40
164.6600037,83.84999847,11:41:41
164.7100067,83.86000061,11:41:42
164.7299957,83.86000061,11:41:43
164.7700043,83.86000061,11:41:44
164.7799988,83.86000061,11:41:45
164.8200073,83.86000061,11:41:46
164.8699951,83.86000061,11:41:47
164.8899994,83.86000061,11:41:48
164.9299927,83.86000061,11:41:49
164.9299927,83.86000061,11:41:50
164.9900055,83.86000061,11:41:51
165.0299988,83.86000061,11:41:52
165.0500031,83.86000061,11:41:53
165.0899963,83.87000275,11:41:54
164.9499969,83.86000061,11:41:55
164.5200043,83.84999847,11:41:56
163.8899994,83.83000183,11:41:57
163.5500031,83.81999969,11:41:58
162.8899994,83.80000305,11:41:59
162.5500031,83.79000092,11:42:00
161.8800049,83.76999664,11:42:01
161.2299957,83.73999786,11:42:02
160.9100037,83.73000336,11:42:03
160.2700043,83.69999695,11:42:04
159.9299927,83.69000244,11:42:05
159.2899933,83.66000366,11:42:06
158.6499939,83.63999939,11:42:07
158.3300018,83.62000275,11:42:08
157.7100067,83.58999634,11:42:09
157.3899994,83.58000183,11:42:10
156.7799988,83.55000305,11:42:11
156.1799927,83.51999664,11:42:12
155.8600006,83.51000214,11:42:13
155.25,83.47000122,11:42:14
154.9400024,83.45999908,11:42:15
154.3399963,83.43000031,11:42:16
153.7599945,83.38999939,11:42:17
153.4700012,83.37999725,11:42:18
152.8899994,83.33999634,11:42:19
152.5899963,83.33000183,11:42:20
152,83.29000092,11:42:21
151.4299927,83.26000214,11:42:22
151.1499939,83.23999786,11:42:23
150.6000061,83.19999695,11:42:24
150.3099976,83.18000031,11:42:25
149.7599945,83.15000153,11:42:26
149.2100067,83.11000061,11:42:27
148.9299927,83.08999634,11:42:28
148.3899994,83.05000305,11:42:29
148.1199951,83.02999878,11:42:30
147.5899963,83,11:42:31
147.0800018,82.95999908,11:42:32
146.8099976,82.94000244,11:42:33
146.2799988,82.90000153,11:42:34
146.0200043,82.87999725,11:42:35
145.5099945,82.83999634,11:42:36
145.0099945,82.80000305,11:42:37
144.7599945,82.76999664,11:42:38
144.2700043,82.73000336,11:42:39
144.0099945,82.70999908,11:42:40
143.5200043,82.66999817,11:42:41
143.0299988,82.62999725,11:42:42
142.7899933,82.61000061,11:42:43
142.3399963,82.56999969,11:42:44
142.1399994,82.55000305,11:42:45
141.7599945,82.51000214,11:42:46
141.4199982,82.48000336,11:42:47
141.25,82.47000122,11:42:48
140.9499969,82.44000244,11:42:49
140.8099976,82.41999817,11:42:50
140.5500031,82.40000153,11:42:51
140.3300018,82.37999725,11:42:52
140.2100067,82.37000275,11:42:53
140.0299988,82.34999847,11:42:54
139.9400024,82.33999634,11:42:55
139.7799988,82.33000183,11:42:56
139.6399994,82.30999756,11:42:57
139.5700073,82.30999756,11:42:58
139.4400024,82.30000305,11:42:59
139.3899994,82.29000092,11:43:00
139.2899933,82.27999878,11:43:01
139.1999969,82.26999664,11:43:02
139.1600037,82.26999664,11:43:03
139.0800018,82.26000214,11:43:04
139.0399933,82.26000214,11:43:05
138.9700012,82.26000214,11:43:06
138.9199982,82.25,11:43:07
138.8899994,82.25,11:43:08
138.8399963,82.23999786,11:43:09
138.8200073,82.23999786,11:43:10
138.7799988,82.23999786,11:43:11
138.75,82.23999786,11:43:12
138.7400055,82.23999786,11:43:13
138.7100067,82.23000336,11:43:14
138.6999969,82.23000336,11:43:15
138.6900024,82.23000336,11:43:16
138.6699982,82.23000336,11:43:17
138.6699982,82.23000336,11:43:18
138.6600037,82.23000336,11:43:19
138.6600037,82.23000336,11:43:20
138.6499939,82.23000336,11:43:21
138.6499939,82.23000336,11:43:22
138.6499939,82.23000336,11:43:23
138.6499939,82.23000336,11:43:24
138.6499939,82.23000336,11:43:25
138.6600037,82.23000336,11:43:26
138.6600037,82.23000336,11:43:27
138.6699982,82.23999786,11:43:28
138.6799927,82.23999786,11:43:29
138.6799927,82.23999786,11:43:30
138.6900024,82.23999786,11:43:31
138.7100067,82.23999786,11:43:32
138.7200012,82.23999786,11:43:33
138.7299957,82.23999786,11:43:34
138.75,82.25,11:43:35
138.7700043,82.25,11:43:36
138.7799988,82.25,11:43:37
138.8000031,82.25,11:43:38
138.8099976,82.25,11:43:39
138.8300018,82.26000214,11:43:41
138.8500061,82.26000214,11:43:42
138.8600006,82.26000214,11:43:43
138.8800049,82.26000214,11:43:44
138.8899994,82.26000214,11:43:45
138.9100037,82.26999664,11:43:46
138.9400024,82.26999664,11:43:47
138.9499969,82.26999664,11:43:48
138.9700012,82.26999664,11:43:49
138.9799957,82.26999664,11:43:50
139,82.27999878,11:43:51
139.0299988,82.27999878,11:43:52
139.0399933,82.27999878,11:43:53
139.0599976,82.27999878,11:43:54
139.0700073,82.27999878,11:43:55
139.1000061,82.29000092,11:43:56
139.1199951,82.29000092,11:43:57
139.1300049,82.29000092,11:43:58
139.1499939,82.29000092,11:43:59
139.1699982,82.29000092,11:44:00
139.1900024,82.30000305,11:44:01
139.2100067,82.30000305,11:44:02
139.2299957,82.30000305,11:44:03
139.25,82.30000305,11:44:04
139.2599945,82.30999756,11:44:05
139.2899933,82.30999756,11:44:06
139.3099976,82.30999756,11:44:07
139.3200073,82.30999756,11:44:08
139.3500061,82.31999969,11:44:09
139.3600006,82.31999969,11:44:10
139.3800049,82.31999969,11:44:11
139.4100037,82.31999969,11:44:12
139.4199982,82.31999969,11:44:13
139.4499969,82.33000183,11:44:14
139.4900055,82.33000183,11:44:15
139.6199951,82.31999969,11:44:16
139.75,82.30000305,11:44:17
139.8000031,82.29000092,11:44:18
139.9499969,82.26999664,11:44:19
140.0399933,82.26000214,11:44:20
140.2400055,82.23000336,11:44:21
140.4199982,82.20999908,11:44:22
140.4900055,82.19999695,11:44:23
140.6499939,82.18000031,11:44:24
140.7100067,82.16999817,11:44:25
140.8500061,82.15000153,11:44:26
140.9700012,82.12999725,11:44:27
141.0299988,82.12999725,11:44:28
141.1399994,82.11000061,11:44:29
141.1900024,82.11000061,11:44:30
141.2899933,82.09999847,11:44:31
141.3699951,82.08999634,11:44:32
141.4100037,82.08000183,11:44:33
141.4900055,82.08000183,11:44:34
141.5299988,82.06999969,11:44:35
141.6000061,82.06999969,11:44:36
141.6600037,82.05999756,11:44:37
141.6999969,82.05999756,11:44:38
141.7599945,82.05000305,11:44:39
141.7899933,82.05000305,11:44:40
141.8500061,82.05000305,11:44:41
141.9100037,82.04000092,11:44:42
141.9299927,82.04000092,11:44:43
141.9799957,82.04000092,11:44:44
142.0099945,82.04000092,11:44:45
142.0599976,82.04000092,11:44:46
142.1100006,82.02999878,11:44:47
142.1300049,82.02999878,11:44:48
142.1699982,82.02999878,11:44:49
142.1999969,82.02999878,11:44:50
142.2400055,82.02999878,11:44:51
142.2899933,82.02999878,11:44:52
142.3099976,82.02999878,11:44:53
142.3500061,82.02999878,11:44:54
142.3699951,82.02999878,11:44:55
142.4100037,82.02999878,11:44:56
142.4499969,82.02999878,11:44:57
142.4700012,82.02999878,11:44:58
142.5,82.02999878,11:44:59
142.5200043,82.02999878,11:45:00
142.5599976,82.04000092,11:45:01
142.5899963,82.04000092,11:45:02
142.6100006,82.04000092,11:45:03
142.6499939,82.04000092,11:45:04
142.6600037,82.04000092,11:45:05
142.6999969,82.04000092,11:45:06
142.7299957,82.04000092,11:45:07
142.75,82.04000092,11:45:08
142.7799988,82.05000305,11:45:09
142.7899933,82.05000305,11:45:10
142.8300018,82.05000305,11:45:11
142.8500061,82.05000305,11:45:12
142.8699951,82.05000305,11:45:13
142.8999939,82.05000305,11:45:14
142.9100037,82.05000305,11:45:15
142.9400024,82.05999756,11:45:16
142.9499969,82.05999756,11:45:17
142.9600067,82.05999756,11:45:18
142.9700012,82.05999756,11:45:19
142.9700012,82.05999756,11:45:20
143,82.05999756,11:45:21
143.0299988,82.05999756,11:45:22
143.0500031,82.05999756,11:45:23
143.0800018,82.06999969,11:45:24
143.0899963,82.06999969,11:45:25
143.1300049,82.06999969,11:45:26
143.1600037,82.06999969,11:45:27
143.1699982,82.06999969,11:45:28
143.1999969,82.08000183,11:45:29
143.2200012,82.08000183,11:45:30
143.25,82.08000183,11:45:31
143.2799988,82.08000183,11:45:32
143.2899933,82.08999634,11:45:33
143.3300018,82.08999634,11:45:34
143.3399963,82.08999634,11:45:35
143.3699951,82.08999634,11:45:36
143.3999939,82.08999634,11:45:37
143.4199982,82.09999847,11:45:38
143.4499969,82.09999847,11:45:39
143.4600067,82.09999847,11:45:40
143.4900055,82.09999847,11:45:41
143.5200043,82.09999847,11:45:42
143.5399933,82.11000061,11:45:43
144.0500031,82.12000275,11:45:44
144.2899933,82.13999939,11:45:45
144.7400055,82.19000244,11:45:46
145.1999969,82.23000336,11:45:47
145.4400024,82.25,11:45:48
145.9100037,82.29000092,11:45:49
146.1499939,82.31999969,11:45:50
146.6199951,82.36000061,11:45:51
147.1000061,82.40000153,11:45:52
147.3399963,82.41999817,11:45:53
147.8300018,82.45999908,11:45:54
148.0700073,82.48000336,11:45:55
148.5899963,82.52999878,11:45:56
149.0899963,82.55999756,11:45:57
149.3399963,82.58000183,11:45:58
149.8399963,82.62000275,11:45:59
150.1000061,82.63999939,11:46:00
150.6199951,82.68000031,11:46:01
151.1499939,82.70999908,11:46:02
151.4199982,82.73000336,11:46:03
151.9499969,82.76999664,11:46:04
152.2100067,82.79000092,11:46:05
153.2899933,82.84999847,11:46:06
153.5800018,82.87000275,11:46:07
154.1499939,82.90000153,11:46:08
154.4299927,82.91000366,11:46:09
154.9900055,82.94999695,11:46:10
155.5500031,82.98000336,11:46:11
155.8399963,82.98999786,11:46:12
156.4100037,83.01999664,11:46:14
156.7100067,83.02999878,11:46:15
157.3000031,83.05999756,11:46:16
157.8800049,83.08999634,11:46:17
158.1900024,83.09999847,11:46:18
158.7599945,83.12999725,11:46:19
159.0700073,83.13999939,11:46:20
159.6600037,83.16999817,11:46:21
160.2799988,83.19000244,11:46:22
160.5899963,83.19999695,11:46:23
161.1900024,83.23000336,11:46:24
161.4900055,83.23999786,11:46:25
162.1199951,83.26000214,11:46:26
162.7200012,83.27999878,11:46:27
163.0399933,83.29000092,11:46:28
163.6699982,83.30999756,11:46:29
163.9900055,83.33000183,11:46:30
164.6199951,83.33999634,11:46:31
165.25,83.36000061,11:46:32
165.5700073,83.37000275,11:46:33
166.2100067,83.38999939,11:46:34
166.5399933,83.40000153,11:46:35
167.1799927,83.41000366,11:46:36
167.8500061,83.43000031,11:46:37
168.1699982,83.44000244,11:46:38
168.8099976,83.44999695,11:46:39
169.1199951,83.45999908,11:46:40
169.6900024,83.47000122,11:46:41
170.2100067,83.48000336,11:46:42
170.4600067,83.48000336,11:46:43
170.9299927,83.48999786,11:46:44
171.1699982,83.5,11:46:45
171.5800018,83.5,11:46:46
171.9700012,83.51000214,11:46:47
172.1499939,83.51000214,11:46:48
172.4700012,83.51999664,11:46:49
172.6199951,83.51999664,11:46:50
172.9199982,83.51999664,11:46:51
173.1999969,83.51999664,11:46:52
173.3399963,83.52999878,11:46:53
173.5800018,83.52999878,11:46:54
173.7100067,83.52999878,11:46:55
173.9299927,83.52999878,11:46:56
174.1100006,83.54000092,11:46:57
174.2200012,83.54000092,11:46:58
174.3999939,83.54000092,11:46:59
174.4799957,83.54000092,11:47:00
174.6499939,83.54000092,11:47:01
174.8099976,83.54000092,11:47:02
174.8899994,83.54000092,11:47:03
175.0200043,83.54000092,11:47:04
175.0899963,83.55000305,11:47:05
175.2100067,83.55000305,11:47:06
175.3200073,83.55000305,11:47:07
175.3699951,83.55000305,11:47:08
175.4799957,83.55000305,11:47:09
175.5399933,83.55000305,11:47:10
175.6399994,83.55000305,11:47:11
175.7400055,83.55000305,11:47:12
175.7799988,83.55000305,11:47:13
175.8699951,83.55000305,11:47:14
175.8999939,83.55000305,11:47:15
175.9700012,83.55000305,11:47:16
176.0500031,83.55000305,11:47:17
176.0899963,83.55000305,11:47:18
176.1600037,83.55000305,11:47:19
176.1900024,83.55000305,11:47:20
176.2700043,83.55000305,11:47:21
176.3399963,83.55000305,11:47:22
176.3699951,83.55999756,11:47:23
176.4299927,83.55999756,11:47:24
176.4700012,83.55999756,11:47:25
176.5099945,83.55999756,11:47:26
176.5599976,83.55999756,11:47:27
176.5899963,83.55999756,11:47:28
176.6499939,83.55999756,11:47:29
176.6799927,83.55999756,11:47:30
176.7400055,83.55999756,11:47:31
176.7899933,83.55999756,11:47:32
176.8200073,83.55999756,11:47:33
176.8699951,83.55999756,11:47:34
176.8999939,83.55999756,11:47:35
176.9499969,83.55999756,11:47:36
176.9900055,83.55999756,11:47:37
177,83.55999756,11:47:38
177.0399933,83.55999756,11:47:39
177.0700073,83.55999756,11:47:40
177.1199951,83.55999756,11:47:41
177.1699982,83.55999756,11:47:42
177.1999969,83.55999756,11:47:43
177.25,83.55999756,11:47:44
177.2700043,83.55999756,11:47:45
177.3200073,83.55999756,11:47:46
177.3699951,83.55999756,11:47:47
177.3899994,83.55999756,11:47:48
177.4400024,83.55999756,11:47:49
177.4600067,83.55999756,11:47:50
177.5,83.55999756,11:47:51
177.5299988,83.55999756,11:47:52
177.5500031,83.55999756,11:47:53
177.5899963,83.55999756,11:47:54
177.6100006,83.55999756,11:47:55
177.6600037,83.55999756,11:47:56
177.7100067,83.55999756,11:47:57
177.7299957,83.55999756,11:47:58
177.7799988,83.55999756,11:47:59
177.8000031,83.55999756,11:48:00
177.8500061,83.55999756,11:48:01
177.8899994,83.55999756,11:48:02
177.9199982,83.55999756,11:48:03
177.9600067,83.55999756,11:48:04
177.9799957,83.55999756,11:48:05
178.0200043,83.55999756,11:48:06
178.0500031,83.55999756,11:48:07
178.0599976,83.55999756,11:48:08
178.0899963,83.55999756,11:48:09
178.1100006,83.55999756,11:48:10
178.1499939,83.55999756,11:48:11
178.1999969,83.55999756,11:48:12
178.2299957,83.55999756,11:48:13
178.2700043,83.55999756,11:48:14
178.2899933,83.55999756,11:48:15
178.3500061,83.55999756,11:48:16
178.3899994,83.55999756,11:48:17
178.4400024,83.55999756,11:48:18
178.5099945,83.52999878,11:48:19
178.5399933,83.51000214,11:48:20
178.5800018,83.47000122,11:48:21
178.6300049,83.43000031,11:48:22
178.6499939,83.41000366,11:48:23
178.6999969,83.37999725,11:48:24
178.7200012,83.36000061,11:48:25
178.7599945,83.33000183,11:48:26
178.8099976,83.30000305,11:48:27
178.8300018,83.29000092,11:48:28
178.8800049,83.26999664,11:48:29
178.8999939,83.26000214,11:48:30
178.9400024,83.23999786,11:48:31
178.9799957,83.22000122,11:48:32
179,83.20999908,11:48:33
179.0399933,83.19999695,11:48:34
179.0599976,83.19000244,11:48:35
179.1000061,83.18000031,11:48:36
179.1399994,83.16999817,11:48:37
179.1600037,83.16000366,11:48:38
179.1999969,83.15000153,11:48:39
179.2100067,83.15000153,11:48:40
179.2599945,83.13999939,11:48:41
179.2899933,83.12999725,11:48:42
179.3099976,83.12999725,11:48:43
179.3500061,83.12000275,11:48:44
179.3699951,83.12000275,11:48:45
179.3999939,83.12000275,11:48:46
179.4499969,83.11000061,11:48:47
179.5,83.09999847,11:48:48
179.5200043,83.09999847,11:48:49
179.5599976,83.09999847,11:48:50
179.6000061,83.08999634,11:48:51
179.6199951,83.08999634,11:48:52
179.6600037,83.08999634,11:48:54
179.6799927,83.08999634,11:48:54
179.7100067,83.08999634,11:48:56
179.75,83.08999634,11:48:57
179.7700043,83.08999634,11:48:58
179.8099976,83.08000183,11:48:59
179.8300018,83.08000183,11:49:00
179.8699951,83.08000183,11:49:01
179.8999939,83.08000183,11:49:02
179.9199982,83.08000183,11:49:03
179.9600067,83.08000183,11:49:04
179.9799957,83.08000183,11:49:05
180.0200043,83.08000183,11:49:06
180.0599976,83.08000183,11:49:07
180.0800018,83.08000183,11:49:08
180.1199951,83.26000214,11:49:09
180.1300049,83.06999969,11:49:10
180.1799927,83.06999969,11:49:11
180.2100067,83.05999756,11:49:12
180.2299957,83.05999756,11:49:13
180.2700043,83.05999756,11:49:14
180.2899933,83.05999756,11:49:15
180.3300018,83.05999756,11:49:16
180.3699951,83.05999756,11:49:17
180.3899994,83.05999756,11:49:18
180.4199982,83.05999756,11:49:19
180.4400024,83.05999756,11:49:20
180.4799957,83.05999756,11:49:21
180.5200043,83.05999756,11:49:22
180.5399933,83.05999756,11:49:23
180.5800018,83.05999756,11:49:24
180.6000061,83.05999756,11:49:25
180.6399994,83.05999756,11:49:26
180.6699982,83.05999756,11:49:27
180.6900024,83.05999756,11:49:28
180.7400055,83.05999756,11:49:29
180.7599945,83.05999756,11:49:30
180.7899933,83.05999756,11:49:31
180.8300018,83.05999756,11:49:32
180.8500061,83.05999756,11:49:33
180.8899994,83.05999756,11:49:34
180.9100037,83.05999756,11:49:35
180.6499939,83.05999756,11:49:36
180.1600037,83.06999969,11:49:37
179.8600006,83.06999969,11:49:38
179.2599945,83.05999756,11:49:39
178.9299927,83.05999756,11:49:40
178.3000031,83.05999756,11:49:41
177.6699982,83.05999756,11:49:42
177.3500061,83.05999756,11:49:43
176.7299957,83.05000305,11:49:44
176.4100037,83.05000305,11:49:45
175.7899933,83.04000092,11:49:46
175.1600037,83.04000092,11:49:47
174.8399963,83.02999878,11:49:48
174.2200012,83.02999878,11:49:49
173.8999939,83.01999664,11:49:50
173.2899933,83.01000214,11:49:51
172.6699982,83,11:49:52
172.3600006,83,11:49:53
171.7400055,82.98999786,11:49:54
171.4199982,82.98000336,11:49:55
170.8099976,82.97000122,11:49:56
170.1999969,82.95999908,11:49:57
169.8899994,82.94999695,11:49:58
169.2899933,82.94000244,11:49:59
168.9799957,82.93000031,11:50:00
168.3699951,82.91000366,11:50:01
167.7700043,82.90000153,11:50:02
167.4600067,82.88999939,11:50:03
166.8699951,82.87000275,11:50:04
166.5700073,82.86000061,11:50:05
165.9700012,82.84999847,11:50:06
165.3800049,82.83000183,11:50:07
165.0800018,82.81999969,11:50:08
164.4900055,82.80000305,11:50:09
164.1900024,82.79000092,11:50:10
163.6199951,82.76999664,11:50:11
163.0500031,82.73999786,11:50:12
162.75,82.73000336,11:50:13
162.1799927,82.70999908,11:50:14
161.8899994,82.69999695,11:50:15
161.3099976,82.66999817,11:50:16
160.75,82.65000153,11:50:17
160.4700012,82.63999939,11:50:18
159.9199982,82.61000061,11:50:19
159.6399994,82.59999847,11:50:20
159.0899963,82.56999969,11:50:21
158.5299988,82.54000092,11:50:22
158.25,82.52999878,11:50:23
157.7100067,82.5,11:50:24
157.4600067,82.48999786,11:50:25
157,82.45999908,11:50:26
156.5800018,82.44000244,11:50:27
156.3800049,82.43000031,11:50:28
156.0099945,82.41000366,11:50:29
155.8300018,82.40000153,11:50:30
155.5200043,82.37999725,11:50:31
155.2400055,82.37000275,11:50:32
155.1199951,82.36000061,11:50:33
154.8800049,82.34999847,11:50:34
154.7700043,82.33999634,11:50:35
154.5800018,82.33000183,11:50:36
154.3899994,82.31999969,11:50:37
154.3099976,82.31999969,11:50:38
154.1600037,82.30999756,11:50:39
154.1000061,82.30000305,11:50:40
153.9700012,82.30000305,11:50:41
153.8600006,82.29000092,11:50:42
153.8000031,82.29000092,11:50:43
153.6999969,82.27999878,11:50:44
153.6600037,82.27999878,11:50:45
153.5800018,82.27999878,11:50:46
153.5200043,82.26999664,11:50:47
153.4900055,82.26999664,11:50:48
153.4299927,82.26999664,11:50:49
153.3999939,82.26999664,11:50:50
153.3600006,82.26999664,11:50:51
153.3200073,82.26999664,11:50:52
153.3000031,82.26000214,11:50:53
153.2799988,82.26000214,11:50:54
153.2599945,82.26000214,11:50:55
153.2400055,82.26000214,11:50:56
153.2200012,82.26000214,11:50:57
153.2200012,82.26000214,11:50:58
153.2100067,82.26000214,11:50:59
153.1999969,82.26000214,11:51:00
153.1999969,82.26000214,11:51:01
153.1600037,82.26000214,11:51:02
153.1600037,82.26000214,11:51:03
153.1699982,82.26000214,11:51:04
153.1699982,82.26000214,11:51:05
153.1799927,82.26000214,11:51:06
153.1799927,82.26000214,11:51:07
153.1900024,82.26000214,11:51:08
153.1999969,82.26999664,11:51:09
153.2100067,82.26999664,11:51:10
153.2200012,82.26999664,11:51:11
153.2400055,82.26999664,11:51:12
153.25,82.26999664,11:51:13
153.2599945,82.26999664,11:51:14
153.2700043,82.26999664,11:51:15
153.2899933,82.26999664,11:51:16
153.3099976,82.27999878,11:51:17
153.3200073,82.27999878,11:51:18
153.3500061,82.27999878,11:51:19
153.3600006,82.27999878,11:51:20
153.3800049,82.27999878,11:51:21
153.3899994,82.27999878,11:51:22
153.4199982,82.27999878,11:51:23
153.4400024,82.29000092,11:51:24
153.4499969,82.29000092,11:51:25
153.5099945,82.29000092,11:51:26
153.5200043,82.29000092,11:51:27
153.5500031,82.29000092,11:51:28
153.5599976,82.30000305,11:51:29
153.5800018,82.30000305,11:51:31
153.6100006,82.30000305,11:51:32
153.6300049,82.30000305,11:51:33
153.6600037,82.30000305,11:51:34
153.6699982,82.30000305,11:51:35
153.6999969,82.30000305,11:51:36
153.7200012,82.30999756,11:51:37
153.7400055,82.30999756,11:51:38
153.7700043,82.30999756,11:51:39
153.7799988,82.30999756,11:51:40
153.8099976,82.30999756,11:51:41
153.8399963,82.30999756,11:51:42
153.8600006,82.31999969,11:51:43
153.8899994,82.31999969,11:51:44
153.8999939,82.31999969,11:51:45
153.9199982,82.31999969,11:51:46
153.9400024,82.31999969,11:51:47
153.9700012,82.31999969,11:51:48
154,82.31999969,11:51:49
154.0099945,82.33000183,11:51:50
154.0399933,82.33000183,11:51:51
154.0700073,82.33000183,11:51:52
154.0800018,82.33000183,11:51:53
154.1100006,82.33000183,11:51:54
154.1300049,82.33000183,11:51:55
154.1600037,82.33999634,11:51:56
154.1799927,82.33999634,11:51:57
154.1999969,82.33999634,11:51:58
154.2299957,82.33999634,11:51:59
154.2400055,82.33999634,11:52:00
154.2700043,82.33999634,11:52:01
154.3000031,82.33999634,11:52:02
154.3200073,82.34999847,11:52:03
154.3399963,82.34999847,11:52:04
154.3600006,82.34999847,11:52:05
154.3800049,82.34999847,11:52:06
154.4199982,82.34999847,11:52:07
154.4299927,82.34999847,11:52:08
154.4700012,82.36000061,11:52:09
154.4799957,82.36000061,11:52:10
154.5099945,82.36000061,11:52:11
154.5299988,82.36000061,11:52:12
154.5599976,82.36000061,11:52:13
154.5899963,82.36000061,11:52:14
154.6100006,82.36000061,11:52:15
154.6399994,82.37000275,11:52:16
154.6699982,82.37000275,11:52:17
154.6799927,82.37000275,11:52:18
154.7200012,82.37000275,11:52:19
154.7299957,82.37000275,11:52:20
154.7700043,82.37000275,11:52:21
154.8000031,82.37999725,11:52:22
154.8200073,82.37999725,11:52:23
154.9100037,82.37999725,11:52:24
154.9400024,82.37000275,11:52:25
155.0200043,82.34999847,11:52:26
155.1600037,82.31999969,11:52:27
155.2400055,82.30000305,11:52:28
155.3800049,82.26999664,11:52:29
155.4499969,82.25,11:52:30
155.5700073,82.22000122,11:52:31
155.6900024,82.19000244,11:52:32
155.7400055,82.18000031,11:52:33
155.8399963,82.16000366,11:52:34
155.8899994,82.15000153,11:52:35
155.9700012,82.12999725,11:52:36
156.0099945,82.12000275,11:52:37
156.1000061,82.11000061,11:52:38
156.1699982,82.09999847,11:52:39
156.1999969,82.08999634,11:52:40
156.2700043,82.08000183,11:52:41
156.3399963,82.06999969,11:52:42
156.3699951,82.05999756,11:52:43
156.4299927,82.05000305,11:52:44
156.4600067,82.05000305,11:52:45
156.5200043,82.04000092,11:52:46
156.5800018,82.02999878,11:52:47
156.6000061,82.02999878,11:52:48
156.6600037,82.02999878,11:52:49
156.6799927,82.01999664,11:52:50
156.7100067,82.01999664,11:52:51
156.7200012,82.01000214,11:52:52
156.75,82.01000214,11:52:53
156.7799988,82.01000214,11:52:54
156.8000031,82,11:52:55
156.8500061,82,11:52:56
156.8699951,82,11:52:57
156.9299927,82,11:52:58
156.9700012,82,11:52:59
156.9900055,82,11:53:00
157.0299988,82,11:53:01
157.0599976,81.98999786,11:53:02
157.1000061,81.98999786,11:53:03
157.1399994,81.98999786,11:53:04
157.1600037,81.98999786,11:53:05
157.1900024,81.98999786,11:53:06
157.2100067,81.98999786,11:53:07
157.25,81.98999786,11:53:08
157.2899933,81.98999786,11:53:09
157.3099976,81.98999786,11:53:10
157.3399963,81.98999786,11:53:11
157.3600006,81.98999786,11:53:12
157.3999939,81.98999786,11:53:13
157.4400024,81.98999786,11:53:14
157.4499969,81.98999786,11:53:15
157.4900055,81.98999786,11:53:16
157.5,81.98999786,11:53:17
157.5399933,82,11:53:18
157.5700073,82,11:53:19
157.5899963,82,11:53:20
157.6199951,82,11:53:21
157.6399994,82,11:53:22
157.6699982,82,11:53:23
157.7100067,82,11:53:24
157.7200012,82,11:53:25
157.7599945,82,11:53:26
157.7700043,82,11:53:27
157.8000031,82,11:53:28
157.8300018,82.01000214,11:53:29
157.8500061,82.01000214,11:53:30
157.8899994,82.01000214,11:53:31
157.8999939,82.01000214,11:53:32
157.9299927,82.01000214,11:53:33
157.9600067,82.01000214,11:53:34
157.9799957,82.01000214,11:53:35
158.0200043,82.01000214,11:53:36
158.0299988,82.01000214,11:53:37
158.0700073,82.01000214,11:53:38
158.1000061,82.01000214,11:53:39
158.1100006,82.01999664,11:53:40
158.1499939,82.01999664,11:53:41
158.1600037,82.01999664,11:53:42
158.1999969,82.01999664,11:53:43
158.2200012,82.01999664,11:53:44
158.2400055,82.01999664,11:53:45
158.2700043,82.01999664,11:53:46
158.2899933,82.01999664,11:53:47
158.3200073,82.02999878,11:53:48
158.3500061,82.02999878,11:53:49
158.3699951,82.02999878,11:53:50
158.3999939,82.02999878,11:53:51
158.4100037,82.02999878,11:53:52
158.4499969,82.02999878,11:53:53
158.4900055,82.02999878,11:53:54
158.5099945,82.04000092,11:53:55
158.5399933,82.04000092,11:53:56
158.5599976,82.04000092,11:53:57
158.5899963,82.04000092,11:53:58
158.6199951,82.04000092,11:53:59
158.6399994,82.04000092,11:54:00
158.6600037,82.04000092,11:54:01
158.7700043,82.05000305,11:54:02
159.2899933,82.06999969,11:54:03
159.8300018,82.09999847,11:54:04
160.1000061,82.11000061,11:54:05
160.6300049,82.13999939,11:54:06
160.9100037,82.15000153,11:54:07
161.4299927,82.16999817,11:54:08
162.2400055,82.20999908,11:54:09
162.8300018,82.23999786,11:54:10
163.1999969,82.25,11:54:11
163.75,82.26999664,11:54:12
164.2899933,82.29000092,11:54:13
164.5700073,82.30000305,11:54:14
165.1199951,82.31999969,11:54:15
165.3999939,82.33000183,11:54:17
165.9600067,82.34999847,11:54:18
166.5299988,82.37000275,11:54:19
166.8000031,82.37999725,11:54:20
167.3800049,82.40000153,11:54:21
167.6399994,82.41000366,11:54:22
168.1999969,82.41999817,11:54:23
168.7899933,82.44000244,11:54:24
169.0700073,82.44000244,11:54:25
169.6499939,82.45999908,11:54:26
169.9299927,82.45999908,11:54:27
170.5,82.48000336,11:54:28
171.0800018,82.48999786,11:54:29
171.3600006,82.48999786,11:54:30
171.9600067,82.51000214,11:54:31
172.2400055,82.51000214,11:54:32
172.8300018,82.51999664,11:54:33
173.4100037,82.52999878,11:54:34
173.7100067,82.52999878,11:54:35
174.2899933,82.54000092,11:54:36
174.5899963,82.54000092,11:54:37
175.1699982,82.55000305,11:54:38
175.7700043,82.55000305,11:54:39
176.0700073,82.55999756,11:54:40
176.6499939,82.55999756,11:54:41
176.9499969,82.55999756,11:54:42
177.5299988,82.56999969,11:54:43
178.1399994,82.56999969,11:54:44
178.4199982,82.56999969,11:54:45
179.0299988,82.56999969,11:54:46
179.3099976,82.56999969,11:54:47
179.8999939,82.56999969,11:54:48
180.3999939,82.56999969,11:54:49
180.6900024,82.56999969,11:54:50
181.3000031,82.56999969,11:54:51
181.5800018,82.56999969,11:54:52
182.1600037,82.56999969,11:54:53
182.7700043,82.55999756,11:54:54
183.0500031,82.55999756,11:54:55
183.6499939,82.55999756,11:54:56
183.9299927,82.55999756,11:54:57
184.4900055,82.55000305,11:54:58
185.0399933,82.54000092,11:54:59
185.2899933,82.54000092,11:55:00
185.7599945,82.54000092,11:55:01
185.9700012,82.52999878,11:55:02
186.3600006,82.52999878,11:55:03
186.7200012,82.51999664,11:55:04
186.8899994,82.51999664,11:55:05
187.2200012,82.51000214,11:55:06
187.3800049,82.51000214,11:55:07
187.6600037,82.51000214,11:55:08
187.9299927,82.5,11:55:09
188.0599976,82.5,11:55:10
188.2899933,82.5,11:55:11
188.3999939,82.48999786,11:55:12
188.6100006,82.48999786,11:55:13
188.8000031,82.48999786,11:55:14
188.8899994,82.48000336,11:55:15
189.0700073,82.48000336,11:55:16
189.1399994,82.48000336,11:55:17
189.2899933,82.48000336,11:55:18
189.4400024,82.47000122,11:55:19
189.5,82.47000122,11:55:20
189.6300049,82.47000122,11:55:21
189.75,82.47000122,11:55:22
189.8000031,82.47000122,11:55:23
189.9100037,82.45999908,11:55:24
189.9600067,82.45999908,11:55:25
190.0599976,82.45999908,11:55:26
190.1100006,82.45999908,11:55:27
190.2100067,82.45999908,11:55:28
190.2899933,82.45999908,11:55:29
190.3300018,82.44999695,11:55:30
190.4100037,82.44999695,11:55:31
190.4499969,82.44999695,11:55:32
190.5200043,82.44999695,11:55:33
190.5899963,82.44999695,11:55:34
190.6300049,82.44999695,11:55:35
190.6900024,82.44999695,11:55:36
190.7200012,82.44999695,11:55:37
190.7799988,82.44000244,11:55:38
190.8399963,82.44000244,11:55:39
190.8699951,82.44000244,11:55:40
190.9299927,82.44000244,11:55:41
190.9499969,82.44000244,11:55:42
191.0099945,82.44000244,11:55:43
191.0500031,82.44000244,11:55:44
191.0800018,82.44000244,11:55:45
191.1300049,82.44000244,11:55:46
191.1600037,82.44000244,11:55:47
191.1999969,82.44000244,11:55:48
191.25,82.43000031,11:55:49
191.2700043,82.43000031,11:55:50
191.3200073,82.43000031,11:55:51
191.3399963,82.43000031,11:55:52
191.3800049,82.43000031,11:55:53
191.4199982,82.43000031,11:55:54
191.4499969,82.43000031,11:55:55
191.4900055,82.43000031,11:55:56
191.5099945,82.43000031,11:55:57
191.5500031,82.43000031,11:55:58
191.5899963,82.43000031,11:55:59
191.6100006,82.43000031,11:56:00
191.6600037,82.43000031,11:56:01
191.6799927,82.41999817,11:56:02
191.7100067,82.41999817,11:56:03
191.75,82.41999817,11:56:04
191.7700043,82.41999817,11:56:05
191.8000031,82.41999817,11:56:06
191.8300018,82.41999817,11:56:07
191.8600006,82.41999817,11:56:08
191.8999939,82.41999817,11:56:09
191.9199982,82.41999817,11:56:10
191.9499969,82.41999817,11:56:11
191.9700012,82.41999817,11:56:12
192.0099945,82.41999817,11:56:13
192.0500031,82.41999817,11:56:14
192.0700073,82.41999817,11:56:15
192.1000061,82.41999817,11:56:16
192.1199951,82.41999817,11:56:17
192.1499939,82.41000366,11:56:18
192.1900024,82.41000366,11:56:19
192.2100067,82.41000366,11:56:20
192.2400055,82.41000366,11:56:21
192.2599945,82.41000366,11:56:22
192.3000031,82.41000366,11:56:23
192.3300018,82.41000366,11:56:24
192.3500061,82.41000366,11:56:25
192.3899994,82.41000366,11:56:26
192.3999939,82.41000366,11:56:27
192.4299927,82.41000366,11:56:28
192.4700012,82.41000366,11:56:29
192.4900055,82.41000366,11:56:30
192.5299988,82.41000366,11:56:31
192.5399933,82.41000366,11:56:32
192.5700073,82.40000153,11:56:33
192.6000061,82.40000153,11:56:34
192.6300049,82.40000153,11:56:35
192.6699982,82.38999939,11:56:36
192.6699982,82.37999725,11:56:37
192.6399994,82.33999634,11:56:38
192.6199951,82.30000305,11:56:39
192.6100006,82.27999878,11:56:40
192.5899963,82.25,11:56:41
192.5800018,82.23000336,11:56:42
192.5599976,82.19999695,11:56:43
192.5599976,82.16999817,11:56:44
192.5599976,82.16000366,11:56:45
192.5599976,82.12000275,11:56:46
192.5599976,82.09999847,11:56:47
192.5700073,82.08000183,11:56:48
192.5700073,82.06999969,11:56:49
192.5800018,82.05999756,11:56:51
192.5899963,82.05000305,11:56:52
192.6000061,82.02999878,11:56:53
192.6100006,82.01999664,11:56:54
192.6199951,82.01000214,11:56:55
192.6399994,82,11:56:56
192.6499939,82,11:56:57
192.6699982,81.98999786,11:56:58
192.6900024,81.98000336,11:56:59
192.6999969,81.97000122,11:57:00
192.7299957,81.95999908,11:57:01
192.7400055,81.95999908,11:57:02
192.7599945,81.94999695,11:57:03
192.7799988,81.94999695,11:57:04
192.8000031,81.94000244,11:57:05
192.8200073,81.94000244,11:57:06
192.8399963,81.94000244,11:57:07
192.8699951,81.93000031,11:57:08
192.8899994,81.93000031,11:57:09
192.8999939,81.91999817,11:57:10
192.9299927,81.91999817,11:57:11
192.9400024,81.91999817,11:57:12
192.9799957,81.91999817,11:57:13
193.0099945,81.91000366,11:57:14
193.0200043,81.91000366,11:57:15
193.0500031,81.91000366,11:57:16
193.0599976,81.91000366,11:57:17
193.0899963,81.90000153,11:57:18
193.1199951,81.90000153,11:57:19
193.1399994,81.90000153,11:57:20
193.1699982,81.90000153,11:57:21
193.1799927,81.90000153,11:57:22
193.2100067,81.88999939,11:57:23
193.2299957,81.88999939,11:57:24
193.2400055,81.88999939,11:57:25
193.2799988,81.88999939,11:57:26
193.3000031,81.88999939,11:57:27
193.3300018,81.88999939,11:57:28
193.3600006,81.87999725,11:57:29
193.3699951,81.87999725,11:57:30
193.4100037,81.87999725,11:57:31
193.4199982,81.87999725,11:57:32
193.4600067,81.87999725,11:57:33
193.4900055,81.87999725,11:57:34
193.5,81.87999725,11:57:35
193.5399933,81.87999725,11:57:36
193.5500031,81.87000275,11:57:37
193.5899963,81.87000275,11:57:38
193.6199951,81.87000275,11:57:39
193.6399994,81.87000275,11:57:40
193.6600037,81.87000275,11:57:41
193.6799927,81.87000275,11:57:42
193.7200012,81.87000275,11:57:43
193.75,81.87000275,11:57:44
193.7700043,81.87000275,11:57:45
193.7899933,81.86000061,11:57:46
193.8099976,81.86000061,11:57:47
193.8399963,81.86000061,11:57:48
193.8800049,81.86000061,11:57:49
193.8899994,81.86000061,11:57:50
193.9199982,81.86000061,11:57:51
193.9400024,81.86000061,11:57:52
193.9700012,81.86000061,11:57:53
194.0099945,81.86000061,11:57:54
194.0200043,81.86000061,11:57:55
194.0500031,81.86000061,11:57:56
194.0700073,81.84999847,11:57:57
194.1000061,81.84999847,11:57:58
194.1300049,81.84999847,11:57:59
194.1499939,81.84999847,11:58:00
194.1799927,81.84999847,11:58:01
194.1999969,81.84999847,11:58:02
194.2299957,81.84999847,11:58:03
194.2599945,81.84999847,11:58:04
194.2700043,81.84999847,11:58:05
194.3099976,81.84999847,11:58:06
194.3300018,81.84999847,11:58:07
194.3500061,81.83999634,11:58:08
194.3899994,81.83999634,11:58:09
194.3999939,81.83999634,11:58:10
194.4400024,81.83999634,11:58:11
194.4499969,81.83999634,11:58:12
194.4799957,81.83999634,11:58:13
194.5099945,81.83999634,11:58:14
194.5299988,81.83999634,11:58:15
194.5599976,81.83999634,11:58:16
194.5800018,81.83999634,11:58:17
194.6100006,81.83999634,11:58:18
194.6399994,81.83000183,11:58:19
194.6499939,81.83000183,11:58:20
194.6900024,81.83000183,11:58:21
194.7100067,81.83000183,11:58:22
194.7400055,81.83000183,11:58:23
194.7599945,81.83000183,11:58:24
194.7799988,81.83000183,11:58:25
194.8099976,81.83000183,11:58:26
194.8300018,81.83000183,11:58:27
194.8600006,81.83000183,11:58:28
194.8899994,81.81999969,11:58:29
194.9100037,81.81999969,11:58:30
194.9400024,81.81999969,11:58:31
194.9600067,81.81999969,11:58:32
194.9900055,81.81999969,11:58:33
195.0200043,81.81999969,11:58:34
195.0399933,81.81999969,11:58:35
195.0700073,81.81999969,11:58:36
195.0800018,81.81999969,11:58:37
195.1199951,81.81999969,11:58:38
195.1499939,81.81999969,11:58:39
195.1600037,81.80999756,11:58:40
195.1999969,81.80999756,11:58:41
195.2100067,81.80999756,11:58:42
195.25,81.80999756,11:58:43
195.2700043,81.80999756,11:58:44
195.2899933,81.80999756,11:58:45
195.3200073,81.80999756,11:58:46
195.3399963,81.80999756,11:58:47
195.3699951,81.80999756,11:58:48
195.4100037,81.80999756,11:58:49
195.4199982,81.80000305,11:58:50
195.4499969,81.80000305,11:58:51
195.4700012,81.80000305,11:58:52
195.5,81.80000305,11:58:53
195.5299988,81.80000305,11:58:54
195.5500031,81.80000305,11:58:55
195.5800018,81.80000305,11:58:56
195.5899963,81.80000305,11:58:57
195.6300049,81.80000305,11:58:58
195.6499939,81.80000305,11:58:59
195.6699982,81.80000305,11:59:00
195.6999969,81.79000092,11:59:01
195.7200012,81.79000092,11:59:02
195.75,81.79000092,11:59:03
195.7799988,81.79000092,11:59:04
195.8000031,81.79000092,11:59:05
195.8300018,81.79000092,11:59:06
195.8500061,81.79000092,11:59:07
195.8800049,81.79000092,11:59:08
195.9100037,81.79000092,11:59:09
195.9199982,81.79000092,11:59:10
195.9600067,81.77999878,11:59:11
195.9700012,81.77999878,11:59:12
196,81.77999878,11:59:13
196.0299988,81.77999878,11:59:14
196.0500031,81.77999878,11:59:15
196.0800018,81.77999878,11:59:16
196.1000061,81.77999878,11:59:17
196.1300049,81.77999878,11:59:18
196.1600037,81.77999878,11:59:19
196.1699982,81.77999878,11:59:20
196.2100067,81.77999878,11:59:21
196.2200012,81.76999664,11:59:22
196.25,81.76999664,11:59:23
196.2799988,81.76999664,11:59:24
196.2899933,81.76999664,11:59:25
196.3300018,81.76999664,11:59:26
196.3399963,81.76999664,11:59:27
196.3800049,81.76999664,11:59:28
196.4100037,81.76999664,11:59:29
196.4199982,81.76999664,11:59:30
196.4499969,81.76999664,11:59:31
196.4700012,81.76000214,11:59:32
196.5,81.76000214,11:59:33
196.5399933,81.76000214,11:59:34
196.5500031,81.76000214,11:59:35
196.5800018,81.76000214,11:59:36
196.5899963,81.76000214,11:59:37
196.6300049,81.76000214,11:59:38
196.6600037,81.76000214,11:59:39
196.6799927,81.76000214,11:59:40
196.7200012,81.76000214,11:59:41
196.75,81.75,11:59:42
196.7799988,81.75,11:59:43
196.7899933,81.75,11:59:44
196.8200073,81.75,11:59:46
196.8399963,81.75,11:59:47
196.8699951,81.75,11:59:48
196.8999939,81.75,11:59:49
196.9100037,81.75,11:59:50
196.9499969,81.75,11:59:51
196.9600067,81.75,11:59:52
196.9900055,81.75,11:59:53
197.0200043,81.73999786,11:59:54
196.9100037,81.75,11:59:55
196.5500031,81.76000214,11:59:56
196.3099976,81.76999664,11:59:57
195.8000031,81.80000305,11:59:58
195.2799988,81.81999969,11:59:59
195.0299988,81.83000183,12:00:00
194.5,81.83999634,12:00:01
194.25,81.84999847,12:00:02
193.7100067,81.87000275,12:00:03
193.1799927,81.88999939,12:00:04
192.9199982,81.90000153,12:00:05
192.3800049,81.91000366,12:00:06
192.1199951,81.91999817,12:00:07
191.5800018,81.93000031,12:00:08
191.0399933,81.94999695,12:00:09
190.7799988,81.94999695,12:00:10
190.2200012,81.97000122,12:00:11
189.9499969,81.97000122,12:00:12
189.3899994,81.98000336,12:00:13
188.8500061,81.98000336,12:00:14
188.5800018,81.98999786,12:00:15
188.0200043,81.98999786,12:00:16
187.7599945,82,12:00:17
187.1900024,82.01000214,12:00:18
186.6399994,82.01000214,12:00:19
186.3699951,82.01999664,12:00:20
185.8200073,82.01999664,12:00:21
185.5500031,82.02999878,12:00:22
184.9799957,82.02999878,12:00:23
184.4299927,82.04000092,12:00:24
184.1600037,82.04000092,12:00:25
183.5899963,82.04000092,12:00:26
183.3200073,82.04000092,12:00:27
182.7599945,82.05000305,12:00:28
182.1999969,82.05000305,12:00:29
181.9299927,82.05000305,12:00:30
181.3600006,82.05000305,12:00:31
181.0899963,82.05000305,12:00:32
180.5099945,82.05000305,12:00:33
179.9600067,82.05000305,12:00:34
179.6999969,82.05000305,12:00:35
179.1399994,82.05000305,12:00:36
178.8699951,82.05000305,12:00:37
178.2899933,82.05000305,12:00:38
177.7400055,82.05000305,12:00:39
177.4499969,82.04000092,12:00:40
176.9100037,82.04000092,12:00:41
176.6399994,82.04000092,12:00:42
176.0800018,82.02999878,12:00:43
175.5599976,82.02999878,12:00:44
175.3200073,82.01999664,12:00:45
174.8600006,82.01999664,12:00:46
174.6600037,82.01999664,12:00:47
174.2799988,82.01000214,12:00:48
173.9400024,82.01000214,12:00:49
173.7799988,82,12:00:50
173.4799957,82,12:00:51
173.3399963,82,12:00:52
173.0800018,81.98999786,12:00:53
172.8600006,81.98999786,12:00:54
172.7400055,81.98999786,12:00:55
172.5500031,81.98000336,12:00:56
172.4499969,81.98000336,12:00:57
172.2899933,81.98000336,12:00:58
172.1499939,81.98000336,12:00:59
172.0800018,81.97000122,12:01:00
171.9600067,81.97000122,12:01:01
171.8999939,81.97000122,12:01:02
171.8000031,81.97000122,12:01:03
171.7100067,81.97000122,12:01:04
171.6600037,81.97000122,12:01:05
171.5899963,81.97000122,12:01:06
171.5599976,81.95999908,12:01:07
171.5,81.95999908,12:01:08
171.4400024,81.95999908,12:01:09
171.4199982,81.95999908,12:01:10
171.3800049,81.95999908,12:01:11
171.3600006,81.95999908,12:01:12
171.3300018,81.95999908,12:01:13
171.3099976,81.95999908,12:01:14
171.2899933,81.95999908,12:01:15
171.2700043,81.95999908,12:01:16
171.2700043,81.95999908,12:01:17
171.2599945,81.95999908,12:01:18
171.25,81.95999908,12:01:19
171.25,81.95999908,12:01:20
171.25,81.95999908,12:01:21
171.25,81.95999908,12:01:22
171.25,81.95999908,12:01:23
171.25,81.95999908,12:01:24
171.2599945,81.95999908,12:01:25
171.2599945,81.95999908,12:01:26
171.2599945,81.95999908,12:01:27
171.2799988,81.95999908,12:01:28
171.2899933,81.95999908,12:01:29
171.3000031,81.95999908,12:01:30
171.3099976,81.95999908,12:01:31
171.3200073,81.95999908,12:01:32
171.3399963,81.95999908,12:01:33
171.3600006,81.95999908,12:01:34
171.3699951,81.95999908,12:01:35
171.3899994,81.95999908,12:01:36
171.3999939,81.95999908,12:01:37
171.4199982,81.95999908,12:01:38
171.4400024,81.97000122,12:01:39
171.4600067,81.97000122,12:01:40
171.4900055,81.97000122,12:01:41
171.4900055,81.97000122,12:01:42
171.5200043,81.97000122,12:01:43
171.5500031,81.97000122,12:01:44
171.5599976,81.97000122,12:01:45
171.5899963,81.97000122,12:01:46
171.6000061,81.97000122,12:01:47
171.6300049,81.97000122,12:01:48
171.6600037,81.97000122,12:01:49
171.6699982,81.97000122,12:01:50
171.6999969,81.97000122,12:01:51
171.7200012,81.97000122,12:01:52
171.7599945,81.97000122,12:01:53
171.7799988,81.97000122,12:01:54
171.7899933,81.97000122,12:01:55
171.8200073,81.97000122,12:01:56
171.8399963,81.97000122,12:01:57
171.8699951,81.98000336,12:01:58
171.8999939,81.98000336,12:01:59
171.9100037,81.98000336,12:02:00
171.9400024,81.98000336,12:02:01
171.9600067,81.98000336,12:02:02
171.9900055,81.98000336,12:02:03
172.0200043,81.98000336,12:02:04
172.0399933,81.98000336,12:02:05
172.0700073,81.98000336,12:02:06
172.0800018,81.98000336,12:02:07
172.1100006,81.98000336,12:02:08
172.1399994,81.98000336,12:02:09
172.1799927,81.98000336,12:02:10
172.2200012,81.98000336,12:02:11
172.25,81.98000336,12:02:12
172.3099976,81.94999695,12:02:13
172.3899994,81.91000366,12:02:14
172.4799957,81.84999847,12:02:15
172.5099945,81.83000183,12:02:16
172.5599976,81.80000305,12:02:17
172.6199951,81.76999664,12:02:18
172.6399994,81.76000214,12:02:20
172.6900024,81.73999786,12:02:21
172.7200012,81.72000122,12:02:22
172.7599945,81.69999695,12:02:23
172.8099976,81.68000031,12:02:24
172.8300018,81.66999817,12:02:25
172.8699951,81.66000366,12:02:26
172.8899994,81.65000153,12:02:27
172.9299927,81.63999939,12:02:28
172.9799957,81.62000275,12:02:29
173,81.62000275,12:02:30
173.0299988,81.61000061,12:02:31
173.0500031,81.59999847,12:02:32
173.0899963,81.58999634,12:02:33
173.1199951,81.58000183,12:02:34
173.1399994,81.58000183,12:02:35
173.1699982,81.56999969,12:02:36
173.1900024,81.56999969,12:02:37
173.2299957,81.55999756,12:02:38
173.2599945,81.55999756,12:02:39
173.2799988,81.55999756,12:02:40
173.3099976,81.55000305,12:02:41
173.3300018,81.55000305,12:02:42
173.3699951,81.55000305,12:02:43
173.3999939,81.54000092,12:02:44
173.4199982,81.54000092,12:02:45
173.4499969,81.54000092,12:02:46
173.4700012,81.54000092,12:02:47
173.5099945,81.52999878,12:02:48
173.5500031,81.52999878,12:02:49
173.5599976,81.52999878,12:02:50
173.5899963,81.52999878,12:02:51
173.6100006,81.52999878,12:02:52
173.6499939,81.52999878,12:02:53
173.6799927,81.51999664,12:02:54
173.6999969,81.51999664,12:02:55
173.7200012,81.51999664,12:02:56
173.7400055,81.51999664,12:02:57
173.7799988,81.51999664,12:02:58
173.8200073,81.51999664,12:02:59
173.8300018,81.51999664,12:03:00
173.8600006,81.51999664,12:03:01
173.8800049,81.51999664,12:03:02
173.9100037,81.51999664,12:03:03
173.9400024,81.51999664,12:03:04
173.9600067,81.51999664,12:03:05
173.9900055,81.51999664,12:03:06
174,81.51999664,12:03:07
174.0399933,81.51999664,12:03:08
174.0700073,81.51999664,12:03:09
174.0899963,81.51999664,12:03:10
174.1199951,81.51999664,12:03:11
174.1399994,81.51999664,12:03:12
174.1600037,81.51999664,12:03:13
174.1900024,81.51999664,12:03:14
174.2100067,81.51999664,12:03:15
174.25,81.51999664,12:03:16
174.2599945,81.51999664,12:03:17
174.2899933,81.51999664,12:03:18
174.3200073,81.51999664,12:03:19
174.3300018,81.51999664,12:03:20
174.3699951,81.51999664,12:03:21
174.3899994,81.51999664,12:03:22
174.4199982,81.51999664,12:03:23
174.4499969,81.51999664,12:03:24
174.4600067,81.51999664,12:03:25
174.4900055,81.51999664,12:03:26
174.5099945,81.51999664,12:03:27
174.5399933,81.51999664,12:03:28
174.5800018,81.51999664,12:03:29
174.5899963,81.51999664,12:03:30
174.6000061,81.51999664,12:03:31
174.6100006,81.51999664,12:03:32
174.6199951,81.51999664,12:03:33
174.6399994,81.51999664,12:03:34
174.6499939,81.51999664,12:03:35
174.6799927,81.51999664,12:03:36
174.7100067,81.51999664,12:03:37
174.7299957,81.51999664,12:03:38
174.7700043,81.51999664,12:03:39
174.7899933,81.51999664,12:03:40
174.8200073,81.51999664,12:03:41
174.8500061,81.51999664,12:03:42
174.8800049,81.51999664,12:03:43
174.9100037,81.52999878,12:03:44
174.9299927,81.52999878,12:03:45
174.9600067,81.52999878,12:03:46
174.9799957,81.52999878,12:03:47
175.0200043,81.52999878,12:03:48
175.0500031,81.52999878,12:03:49
175.0700073,81.52999878,12:03:50
175.1000061,81.52999878,12:03:51
175.1100006,81.52999878,12:03:52
175.1499939,81.52999878,12:03:53
175.1799927,81.52999878,12:03:54
175.1999969,81.52999878,12:03:55
175.2299957,81.52999878,12:03:56
175.25,81.52999878,12:03:57
175.2799988,81.52999878,12:03:58
175.3099976,81.52999878,12:03:59
175.3200073,81.52999878,12:04:00
175.3600006,81.52999878,12:04:01
175.3800049,81.52999878,12:04:02
175.4299927,81.52999878,12:04:03
175.4600067,81.52999878,12:04:04
175.4799957,81.52999878,12:04:05
175.5,81.52999878,12:04:06
175.6600037,81.52999878,12:04:07
176.1900024,81.54000092,12:04:08
176.7200012,81.54000092,12:04:09
176.9900055,81.55000305,12:04:10
177.5099945,81.55000305,12:04:11
177.7700043,81.55000305,12:04:12
178.3000031,81.55999756,12:04:13
178.8500061,81.55999756,12:04:14
179.1199951,81.55999756,12:04:15
179.6499939,81.55999756,12:04:16
179.9700012,81.55999756,12:04:17
180.5,81.55999756,12:04:18
181.0399933,81.55999756,12:04:19
181.3099976,81.55999756,12:04:20
181.8399963,81.55999756,12:04:21
182.1100006,81.55999756,12:04:22
182.6300049,81.55999756,12:04:23
183.1300049,81.55000305,12:04:24
183.3500061,81.55000305,12:04:25
183.8699951,81.55000305,12:04:26
184.1399994,81.54000092,12:04:27
184.6600037,81.54000092,12:04:28
185.1799927,81.52999878,12:04:29
185.4400024,81.52999878,12:04:30
185.9499969,81.51999664,12:04:31
186.2100067,81.51999664,12:04:32
186.7400055,81.51000214,12:04:33
187.2700043,81.5,12:04:34
187.5200043,81.5,12:04:35
188.0399933,81.48999786,12:04:36
188.3000031,81.48000336,12:04:37
188.8000031,81.47000122,12:04:38
189.3300018,81.45999908,12:04:39
189.5899963,81.45999908,12:04:40
190.0899963,81.44999695,12:04:41
190.3600006,81.44000244,12:04:42
190.8699951,81.43000031,12:04:43
191.3699951,81.41000366,12:04:44
191.6300049,81.41000366,12:04:45
192.1300049,81.38999939,12:04:46
192.3999939,81.37999725,12:04:47
192.8899994,81.37000275,12:04:48
193.4100037,81.34999847,12:04:49
193.6499939,81.33999634,12:04:50
194.1399994,81.33000183,12:04:51
194.8999939,81.30000305,12:04:52
195.3999939,81.27999878,12:04:54
195.6499939,81.26999664,12:04:55
196.1399994,81.25,12:04:56
196.3899994,81.23999786,12:04:57
196.8699951,81.22000122,12:04:58
197.3600006,81.19999695,12:04:59
197.6000061,81.19000244,12:05:00
198.0800018,81.16999817,12:05:01
198.3300018,81.16000366,12:05:02
198.7899933,81.13999939,12:05:03
199.2400055,81.11000061,12:05:04
199.4299927,81.09999847,12:05:05
199.8099976,81.08999634,12:05:06
199.9900055,81.08000183,12:05:07
200.3200073,81.05999756,12:05:08
200.6199951,81.05000305,12:05:09
200.7599945,81.04000092,12:05:10
201.0299988,81.01999664,12:05:11
201.1499939,81.01999664,12:05:12
201.3699951,81.01000214,12:05:13
201.5899963,81,12:05:14
201.6900024,80.98999786,12:05:15
201.8699951,80.98000336,12:05:16
201.9700012,80.98000336,12:05:17
202.1399994,80.97000122,12:05:18
202.2899933,80.95999908,12:05:19
202.3600006,80.94999695,12:05:20
202.5,80.94999695,12:05:21
202.5700073,80.94000244,12:05:22
202.6900024,80.94000244,12:05:23
202.8099976,80.93000031,12:05:24
202.8600006,80.93000031,12:05:25
202.9700012,80.91999817,12:05:26
203.0200043,80.91999817,12:05:27
203.1100006,80.91000366,12:05:28
203.1999969,80.91000366,12:05:29
203.2400055,80.91000366,12:05:30
203.3200073,80.90000153,12:05:31
203.3600006,80.90000153,12:05:32
203.4400024,80.90000153,12:05:33
203.5099945,80.88999939,12:05:34
203.5399933,80.88999939,12:05:35
203.6000061,80.88999939,12:05:36
203.6300049,80.87999725,12:05:37
203.6900024,80.87999725,12:05:38
203.75,80.87999725,12:05:39
203.7799988,80.87999725,12:05:40
203.8300018,80.87000275,12:05:41
203.8500061,80.87000275,12:05:42
203.8999939,80.87000275,12:05:43
203.9499969,80.87000275,12:05:44
203.9700012,80.87000275,12:05:45
204.0200043,80.86000061,12:05:46
204.0399933,80.86000061,12:05:47
204.0800018,80.86000061,12:05:48
204.1199951,80.86000061,12:05:49
204.1399994,80.86000061,12:05:50
204.1799927,80.84999847,12:05:51
204.1999969,80.84999847,12:05:52
204.2400055,80.84999847,12:05:53
204.2799988,80.84999847,12:05:54
204.2899933,80.84999847,12:05:55
204.3200073,80.83999634,12:05:56
204.3399963,80.83999634,12:05:57
204.3800049,80.83999634,12:05:58
204.4199982,80.83999634,12:05:59
204.4299927,80.83999634,12:06:00
204.4600067,80.83999634,12:06:01
204.4900055,80.83000183,12:06:02
204.5099945,80.83000183,12:06:03
204.5500031,80.83000183,12:06:04
204.5599976,80.83000183,12:06:05
204.5899963,80.83000183,12:06:06
204.6199951,80.83000183,12:06:07
204.6300049,80.83000183,12:06:08
204.6699982,80.81999969,12:06:09
204.6799927,80.81999969,12:06:10
204.7100067,80.81999969,12:06:11
204.7200012,80.81999969,12:06:12
204.75,80.81999969,12:06:13
204.7799988,80.81999969,12:06:14
204.8000031,80.80999756,12:06:15
204.8300018,80.80999756,12:06:16
204.8399963,80.80999756,12:06:17
204.8699951,80.80999756,12:06:18
204.8999939,80.80999756,12:06:19
204.9100037,80.80999756,12:06:20
204.9400024,80.80999756,12:06:21
204.9600067,80.80999756,12:06:22
204.9799957,80.80000305,12:06:23
205.0099945,80.80000305,12:06:24
205.0299988,80.80000305,12:06:25
205.0599976,80.80000305,12:06:26
205.0700073,80.80000305,12:06:27
205.1000061,80.80000305,12:06:28
205.1199951,80.79000092,12:06:29
205.1300049,80.77999878,12:06:30
205.1100006,80.76000214,12:06:31
205.1000061,80.75,12:06:32
205.0700073,80.72000122,12:06:33
205.0399933,80.69999695,12:06:34
205.0099945,80.68000031,12:06:35
204.9400024,80.63999939,12:06:36
204.9199982,80.62999725,12:06:37
204.8600006,80.59999847,12:06:38
204.8300018,80.56999969,12:06:39
204.8200073,80.55999756,12:06:40
204.7799988,80.54000092,12:06:41
204.7700043,80.52999878,12:06:42
204.75,80.51000214,12:06:43
204.7400055,80.48999786,12:06:44
204.7299957,80.48000336,12:06:45
204.7200012,80.45999908,12:06:46
204.7200012,80.44999695,12:06:47
204.7100067,80.44000244,12:06:48
204.7100067,80.43000031,12:06:49
204.7100067,80.41999817,12:06:50
204.7100067,80.41000366,12:06:51
204.7100067,80.40000153,12:06:52
204.7100067,80.38999939,12:06:53
204.7200012,80.37999725,12:06:54
204.7299957,80.37999725,12:06:55
204.7400055,80.37000275,12:06:56
204.7400055,80.36000061,12:06:57
204.75,80.36000061,12:06:58
204.7599945,80.34999847,12:06:59
204.7700043,80.34999847,12:07:00
204.7899933,80.33999634,12:07:01
204.7899933,80.33999634,12:07:02
204.8099976,80.33000183,12:07:03
204.8200073,80.31999969,12:07:04
204.8300018,80.31999969,12:07:05
204.8500061,80.31999969,12:07:06
204.8600006,80.30999756,12:07:07
204.8800049,80.30999756,12:07:08
204.8999939,80.30000305,12:07:09
204.9100037,80.30000305,12:07:10
204.9299927,80.30000305,12:07:11
204.9299927,80.29000092,12:07:12
204.9499969,80.29000092,12:07:13
204.9799957,80.29000092,12:07:14
204.9900055,80.29000092,12:07:15
205.0099945,80.27999878,12:07:16
205.0200043,80.27999878,12:07:17
205.0399933,80.27999878,12:07:18
205.0599976,80.26999664,12:07:19
205.0700073,80.26999664,12:07:20
205.0899963,80.26999664,12:07:21
205.1100006,80.26999664,12:07:22
205.1300049,80.26000214,12:07:23
205.1499939,80.26000214,12:07:24
205.1699982,80.26000214,12:07:25
205.1900024,80.26000214,12:07:26
205.1999969,80.26000214,12:07:27
205.2299957,80.25,12:07:28
205.25,80.25,12:07:29
205.2599945,80.25,12:07:30
205.2799988,80.25,12:07:31
205.3200073,80.23999786,12:07:32
205.3500061,80.23999786,12:07:33
205.3500061,80.23999786,12:07:34
205.3800049,80.23999786,12:07:35
205.3899994,80.23999786,12:07:37
205.4199982,80.23999786,12:07:38
205.4400024,80.23000336,12:07:39
205.4600067,80.23000336,12:07:40
205.4799957,80.23000336,12:07:41
205.4900055,80.23000336,12:07:42
205.5099945,80.23000336,12:07:43
205.5399933,80.23000336,12:07:44
205.5500031,80.22000122,12:07:45
205.5800018,80.22000122,12:07:46
205.5899963,80.22000122,12:07:47
205.6199951,80.22000122,12:07:48
205.6399994,80.22000122,12:07:49
205.6600037,80.22000122,12:07:50
205.6799927,80.20999908,12:07:51
205.6999969,80.20999908,12:07:52
205.7200012,80.20999908,12:07:53
205.7400055,80.20999908,12:07:54
205.75,80.20999908,12:07:55
205.7799988,80.20999908,12:07:56
205.7899933,80.19999695,12:07:57
205.8200073,80.19999695,12:07:58
205.8399963,80.19999695,12:07:59
205.8500061,80.19999695,12:08:00
205.8800049,80.19999695,12:08:01
205.8999939,80.19999695,12:08:02
205.9199982,80.19000244,12:08:03
205.9400024,80.19000244,12:08:04
205.9600067,80.19000244,12:08:05
205.9799957,80.19000244,12:08:06
206,80.19000244,12:08:07
206.0200043,80.19000244,12:08:08
206.0500031,80.18000031,12:08:09
206.0599976,80.18000031,12:08:10
206.0800018,80.18000031,12:08:11
206.1000061,80.18000031,12:08:12
206.1199951,80.18000031,12:08:13
206.1499939,80.16999817,12:08:14
206.1600037,80.16999817,12:08:15
206.1799927,80.16999817,12:08:16
206.1999969,80.16999817,12:08:17
206.2200012,80.16999817,12:08:18
206.25,80.16999817,12:08:19
206.2599945,80.16999817,12:08:20
206.2899933,80.16000366,12:08:21
206.3000031,80.16000366,12:08:22
206.3200073,80.16000366,12:08:23
206.3399963,80.16000366,12:08:24
206.3600006,80.16000366,12:08:25
206.3800049,80.16000366,12:08:26
206.3899994,80.15000153,12:08:27
206.4199982,80.15000153,12:08:28
206.4400024,80.15000153,12:08:29
206.4499969,80.15000153,12:08:30
206.4799957,80.15000153,12:08:31
206.4900055,80.15000153,12:08:32
206.5200043,80.13999939,12:08:33
206.5399933,80.13999939,12:08:34
206.5500031,80.13999939,12:08:35
206.5800018,80.13999939,12:08:36
206.5899963,80.13999939,12:08:37
206.6199951,80.13999939,12:08:38
206.6399994,80.12999725,12:08:39
206.6600037,80.12999725,12:08:40
206.6799927,80.12999725,12:08:41
206.6900024,80.12999725,12:08:42
206.7200012,80.12999725,12:08:43
206.7400055,80.12999725,12:08:44
206.75,80.12000275,12:08:45
206.7799988,80.12000275,12:08:46
206.7899933,80.12000275,12:08:47
206.8200073,80.12000275,12:08:48
206.8399963,80.12000275,12:08:49
206.8500061,80.12000275,12:08:50
206.8800049,80.11000061,12:08:51
206.8899994,80.11000061,12:08:52
206.6999969,80.12999725,12:08:53
206.3500061,80.15000153,12:08:54
206.1399994,80.16999817,12:08:55
205.7400055,80.19999695,12:08:56
205.5200043,80.20999908,12:08:57
205.1000061,80.23999786,12:08:58
204.6699982,80.26999664,12:08:59
204.4499969,80.27999878,12:09:00
204.0200043,80.30999756,12:09:01
203.8099976,80.31999969,12:09:02
203.3800049,80.34999847,12:09:03
202.9499969,80.37999725,12:09:04
202.7299957,80.38999939,12:09:05
202.2899933,80.41999817,12:09:06
202.0700073,80.43000031,12:09:07
201.6399994,80.45999908,12:09:08
201.1799927,80.48000336,12:09:09
200.9700012,80.48999786,12:09:10
200.5200043,80.51999664,12:09:11
200.3000031,80.52999878,12:09:12
199.8500061,80.55999756,12:09:13
199.3899994,80.58000183,12:09:14
199.1699982,80.58999634,12:09:15
198.6999969,80.61000061,12:09:16
198.4799957,80.62000275,12:09:17
198.0399933,80.65000153,12:09:18
197.5700073,80.66999817,12:09:19
197.3399963,80.68000031,12:09:20
196.8699951,80.69999695,12:09:21
196.6399994,80.70999908,12:09:22
196.1799927,80.73000336,12:09:23
195.7100067,80.75,12:09:24
195.4799957,80.76000214,12:09:25
195,80.77999878,12:09:26
194.7700043,80.79000092,12:09:27
194.3000031,80.80000305,12:09:28
193.8099976,80.81999969,12:09:29
193.5800018,80.83000183,12:09:30
193.1000061,80.84999847,12:09:31
192.8699951,80.84999847,12:09:32
192.3899994,80.87000275,12:09:33
191.8999939,80.87999725,12:09:34
191.6699982,80.88999939,12:09:35
191.1699982,80.90000153,12:09:36
190.9400024,80.91000366,12:09:37
190.4600067,80.91999817,12:09:38
189.9600067,80.94000244,12:09:39
189.7299957,80.94000244,12:09:40
189.2299957,80.94999695,12:09:41
188.9900055,80.95999908,12:09:42
188.5599976,80.97000122,12:09:43
188.1699982,80.98000336,12:09:44
187.9900055,80.98000336,12:09:45
187.6600037,80.98999786,12:09:46
187.5,80.98999786,12:09:47
187.2200012,81,12:09:48
186.9700012,81,12:09:49
186.8500061,81,12:09:50
186.6199951,81.01000214,12:09:51
186.5099945,81.01000214,12:09:52
186.3200073,81.01000214,12:09:53
186.1499939,81.01000214,12:09:54
186.0800018,81.01000214,12:09:55
185.9299927,81.01999664,12:09:56
185.8699951,81.01999664,12:09:57
185.7599945,81.01999664,12:09:58
185.6399994,81.01999664,12:09:59
185.5899963,81.01999664,12:10:00
185.5,81.01999664,12:10:01
185.4600067,81.01999664,12:10:02
185.3899994,81.01999664,12:10:03
185.3300018,81.02999878,12:10:04
185.3099976,81.02999878,12:10:05
185.2599945,81.02999878,12:10:06
185.2299957,81.02999878,12:10:07
185.1799927,81.02999878,12:10:08
185.1499939,81.02999878,12:10:09
185.1399994,81.02999878,12:10:10
185.1100006,81.02999878,12:10:11
185.1000061,81.02999878,12:10:12
185.0899963,81.02999878,12:10:13
185.0599976,81.02999878,12:10:14
185.0500031,81.02999878,12:10:15
185.0500031,81.02999878,12:10:16
185.0500031,81.02999878,12:10:17
185.0500031,81.02999878,12:10:19
185.0500031,81.02999878,12:10:20
185.0500031,81.02999878,12:10:21
185.0500031,81.02999878,12:10:22
185.0500031,81.02999878,12:10:23
185.0599976,81.02999878,12:10:24
185.0700073,81.02999878,12:10:25
185.0800018,81.02999878,12:10:26
185.0899963,81.02999878,12:10:27
185.1000061,81.02999878,12:10:28
185.1100006,81.02999878,12:10:29
185.1199951,81.02999878,12:10:30
185.1399994,81.02999878,12:10:31
185.1499939,81.02999878,12:10:32
185.1699982,81.02999878,12:10:33
185.1900024,81.02999878,12:10:34
185.1900024,81.02999878,12:10:35
185.3800049,81.30000305,12:10:36
185.2299957,81.02999878,12:10:37
185.25,81.01999664,12:10:38
185.2700043,81.01999664,12:10:39
185.2799988,81.01999664,12:10:40
185.3000031,81.01000214,12:10:41
185.3099976,81.01000214,12:10:42
185.3399963,81.01000214,12:10:43
185.3699951,81.01000214,12:10:44
185.3800049,81.01000214,12:10:45
185.3999939,81.01000214,12:10:46
185.4100037,81.01000214,12:10:47
185.4400024,81.01000214,12:10:48
185.4700012,81.01000214,12:10:49
185.4799957,81.01000214,12:10:50
185.5099945,81.01000214,12:10:51
185.5200043,81.01000214,12:10:52
185.5399933,81.01000214,12:10:53
185.5800018,81.01000214,12:10:54
185.5899963,81.01000214,12:10:55
185.6199951,81.01000214,12:10:56
185.6399994,81.01000214,12:10:57
185.6600037,81.01000214,12:10:58
185.6900024,81.01000214,12:10:59
185.6999969,81.01000214,12:11:00
185.7400055,81.01000214,12:11:01
185.75,81.01000214,12:11:02
185.7799988,81.01000214,12:11:03
185.8099976,81.01000214,12:11:04
185.8200073,81.01000214,12:11:05
185.8500061,81.01000214,12:11:06
185.8600006,81.01000214,12:11:07
185.8899994,81.01000214,12:11:08
185.9199982,81.01000214,12:11:09
185.9299927,81.01000214,12:11:10
185.9499969,81.01000214,12:11:11
185.9700012,81.01000214,12:11:12
186,81.01000214,12:11:13
186.0299988,81.01000214,12:11:14
186.0399933,81.01000214,12:11:15
186.0700073,81,12:11:16
186.0800018,81,12:11:17
186.1100006,81,12:11:18
186.1399994,81,12:11:19
186.1600037,81,12:11:20
186.1799927,81,12:11:21
186.1999969,81,12:11:22
186.2299957,81,12:11:23
186.2899933,81,12:11:24
186.3099976,80.98999786,12:11:25
186.3099976,80.94999695,12:11:26
186.3200073,80.93000031,12:11:27
186.3200073,80.88999939,12:11:28
186.3300018,80.86000061,12:11:29
186.3300018,80.83999634,12:11:30
186.3300018,80.80999756,12:11:31
186.3300018,80.79000092,12:11:32
186.3300018,80.76000214,12:11:33
186.3399963,80.73999786,12:11:34
186.3500061,80.72000122,12:11:35
186.3699951,80.69999695,12:11:36
186.3800049,80.69000244,12:11:37
186.3899994,80.66999817,12:11:38
186.3899994,80.66000366,12:11:39
186.3899994,80.65000153,12:11:40
186.3999939,80.62999725,12:11:41
186.3999939,80.62999725,12:11:42
186.4199982,80.61000061,12:11:43
186.4400024,80.59999847,12:11:44
186.4499969,80.59999847,12:11:45
186.4799957,80.58999634,12:11:46
186.5,80.58000183,12:11:47
186.5200043,80.58000183,12:11:48
186.5500031,80.56999969,12:11:49
186.5599976,80.56999969,12:11:50
186.5899963,80.55999756,12:11:51
186.6100006,80.55999756,12:11:52
186.6300049,80.55000305,12:11:53
186.6600037,80.55000305,12:11:54
186.6699982,80.54000092,12:11:55
186.7100067,80.54000092,12:11:56
186.7299957,80.54000092,12:11:57
186.75,80.52999878,12:11:58
186.7799988,80.52999878,12:11:59
186.7899933,80.52999878,12:12:00
186.8200073,80.52999878,12:12:01
186.8399963,80.51999664,12:12:02
186.8600006,80.51999664,12:12:03
186.8899994,80.51999664,12:12:04
186.8999939,80.51999664,12:12:05
186.9199982,80.51999664,12:12:06
186.9299927,80.51999664,12:12:07
186.9700012,80.51000214,12:12:08
187,80.51000214,12:12:09
187.0099945,80.51000214,12:12:10
187.0399933,80.51000214,12:12:11
187.0500031,80.51000214,12:12:12
187.0899963,80.51000214,12:12:13
187.1100006,80.51000214,12:12:14
187.1199951,80.5,12:12:15
187.1600037,80.5,12:12:16
187.1699982,80.5,12:12:17
187.1999969,80.5,12:12:18
187.2299957,80.5,12:12:19
187.2400055,80.5,12:12:20
187.2700043,80.5,12:12:21
187.2899933,80.5,12:12:22
187.3200073,80.5,12:12:23
187.3399963,80.5,12:12:24
187.3600006,80.5,12:12:25
187.3899994,80.48999786,12:12:26
187.3999939,80.48999786,12:12:27
187.4199982,80.48999786,12:12:28
187.4499969,80.48999786,12:12:29
187.4700012,80.48999786,12:12:30
187.5,80.48999786,12:12:31
187.5099945,80.48999786,12:12:32
187.5399933,80.48999786,12:12:33
187.5599976,80.48999786,12:12:34
187.5800018,80.48999786,12:12:35
187.6199951,80.48999786,12:12:36
187.6300049,80.48999786,12:12:37
187.6499939,80.48999786,12:12:38
187.6799927,80.48999786,12:12:39
187.6999969,80.48999786,12:12:40
187.7200012,80.48000336,12:12:41
187.7400055,80.48000336,12:12:42
187.7700043,80.48000336,12:12:43
187.8000031,80.48000336,12:12:44
187.8099976,80.48000336,12:12:45
187.8300018,80.48000336,12:12:46
187.8500061,80.48000336,12:12:47
187.8800049,80.48000336,12:12:48
187.9100037,80.48000336,12:12:49
187.9199982,80.48000336,12:12:50
187.9499969,80.48000336,12:12:51
188,80.48000336,12:12:52
188.0200043,80.48000336,12:12:53
188.0399933,80.48000336,12:12:54
188.0700073,80.48000336,12:12:55
188.0800018,80.48000336,12:12:57
188.1100006,80.48000336,12:12:58
188.1399994,80.48000336,12:12:59
188.1499939,80.47000122,12:13:00
188.1799927,80.47000122,12:13:01
188.1999969,80.47000122,12:13:02
188.2299957,80.47000122,12:13:03
188.2599945,80.47000122,12:13:04
188.2599945,80.47000122,12:13:05
188.2799988,80.47000122,12:13:06
188.3099976,80.47000122,12:13:07
188.3399963,80.47000122,12:13:08
188.3699951,80.47000122,12:13:09
188.3800049,80.47000122,12:13:10
188.6799927,80.47000122,12:13:11
188.9199982,80.45999908,12:13:12
189.3899994,80.44999695,12:13:13
189.8500061,80.44000244,12:13:14
190.0800018,80.43000031,12:13:15
190.5399933,80.41999817,12:13:16
190.7799988,80.41000366,12:13:17
191.2400055,80.40000153,12:13:18
191.7100067,80.37999725,12:13:19
191.9400024,80.37999725,12:13:20
192.4100037,80.36000061,12:13:21
192.6399994,80.34999847,12:13:22
193.1499939,80.33000183,12:13:23
193.6199951,80.31999969,12:13:24
193.8500061,80.30999756,12:13:25
194.3099976,80.29000092,12:13:26
194.5299988,80.27999878,12:13:27
194.9700012,80.26000214,12:13:28
195.4199982,80.25,12:13:29
195.6300049,80.23999786,12:13:30
196.0800018,80.22000122,12:13:31
196.3099976,80.20999908,12:13:32
196.7299957,80.19000244,12:13:33
197.1399994,80.16999817,12:13:34
197.3500061,80.16000366,12:13:35
197.8000031,80.13999939,12:13:36
198.0200043,80.12999725,12:13:37
198.4499969,80.11000061,12:13:38
198.8899994,80.08000183,12:13:39
199.1000061,80.06999969,12:13:40
199.5399933,80.05000305,12:13:41
199.7400055,80.04000092,12:13:42
200.1799927,80.01000214,12:13:43
200.6000061,79.98999786,12:13:44
200.8099976,79.98000336,12:13:45
201.2400055,79.94999695,12:13:46
201.4499969,79.94000244,12:13:47
201.8699951,79.91000366,12:13:48
202.2899933,79.88999939,12:13:49
202.4900055,79.87999725,12:13:50
202.9199982,79.84999847,12:13:51
203.1199951,79.83999634,12:13:52
203.5399933,79.80999756,12:13:53
203.9400024,79.77999878,12:13:54
204.1499939,79.76999664,12:13:55
204.5500031,79.73999786,12:13:56
204.7599945,79.72000122,12:13:57
205.1699982,79.69999695,12:13:58
205.5700073,79.66999817,12:13:59
205.7700043,79.65000153,12:14:00
206.1699982,79.62000275,12:14:01
206.5700073,79.58999634,12:14:02
206.7700043,79.56999969,12:14:03
207.1600037,79.54000092,12:14:04
207.3600006,79.52999878,12:14:05
207.7599945,79.5,12:14:06
208.1199951,79.47000122,12:14:07
208.2899933,79.44999695,12:14:08
208.6199951,79.41999817,12:14:09
208.7599945,79.41000366,12:14:10
209.0500031,79.38999939,12:14:11
209.1799927,79.37000275,12:14:12
209.4299927,79.34999847,12:14:13
209.6600037,79.33000183,12:14:14
209.7700043,79.31999969,12:14:15
209.9700012,79.30000305,12:14:16
210.0599976,79.30000305,12:14:17
210.2400055,79.27999878,12:14:18
210.3999939,79.26000214,12:14:19
210.4700012,79.26000214,12:14:20
210.6199951,79.23999786,12:14:21
210.6799927,79.23999786,12:14:22
210.8099976,79.23000336,12:14:23
210.9299927,79.22000122,12:14:24
210.9799957,79.20999908,12:14:25
211.0899963,79.19999695,12:14:26
211.1300049,79.19999695,12:14:27
211.2299957,79.19000244,12:14:28
211.3200073,79.18000031,12:14:29
211.3600006,79.16999817,12:14:30
211.4299927,79.16999817,12:14:31
211.4700012,79.16000366,12:14:32
211.5399933,79.16000366,12:14:33
211.6100006,79.15000153,12:14:34
211.6399994,79.15000153,12:14:35
211.6999969,79.13999939,12:14:36
211.7299957,79.13999939,12:14:37
211.7899933,79.12999725,12:14:38
211.8399963,79.12999725,12:14:39
211.8600006,79.12000275,12:14:40
211.9100037,79.12000275,12:14:41
211.9299927,79.12000275,12:14:42
211.9799957,79.11000061,12:14:43
212.0200043,79.11000061,12:14:44
212.0399933,79.11000061,12:14:45
212.0800018,79.09999847,12:14:46
212.1000061,79.09999847,12:14:47
212.1399994,79.08999634,12:14:48
212.1699982,79.08999634,12:14:49
212.1900024,79.08999634,12:14:50
212.2200012,79.08999634,12:14:51
212.2299957,79.08000183,12:14:52
212.2599945,79.08000183,12:14:53
212.3000031,79.08000183,12:14:54
212.3099976,79.08000183,12:14:55
212.3399963,79.06999969,12:14:56
212.3500061,79.06999969,12:14:57
212.3800049,79.06999969,12:14:58
212.4100037,79.06999969,12:14:59
212.4299927,79.05999756,12:15:00
212.4499969,79.05999756,12:15:01
212.4700012,79.05999756,12:15:02
212.5,79.05999756,12:15:03
212.5200043,79.05999756,12:15:04
212.5399933,79.05000305,12:15:05
212.5599976,79.05000305,12:15:06
212.5800018,79.05000305,12:15:07
212.6000061,79.05000305,12:15:08
212.6300049,79.05000305,12:15:09
212.6399994,79.04000092,12:15:10
212.6600037,79.04000092,12:15:11
212.6699982,79.04000092,12:15:12
212.6999969,79.04000092,12:15:13
212.7200012,79.02999878,12:15:14
212.7299957,79.02999878,12:15:15
212.75,79.02999878,12:15:16
212.7599945,79.02999878,12:15:17
212.7899933,79.02999878,12:15:18
212.8099976,79.01999664,12:15:19
212.8200073,79.01999664,12:15:20
212.8500061,79.01999664,12:15:21
212.8600006,79.01999664,12:15:22
212.8800049,79.01999664,12:15:23
212.8999939,79.01000214,12:15:24
212.9100037,79.01000214,12:15:25
212.9299927,79.01000214,12:15:26
212.9400024,79.01000214,12:15:27
212.9700012,79.01000214,12:15:28
212.9900055,79,12:15:29
213,79,12:15:30
213.0200043,79,12:15:31
213.0299988,79,12:15:32
213.0599976,79,12:15:33
213.0899963,78.98999786,12:15:34
213.1100006,78.98999786,12:15:35
213.1199951,78.98999786,12:15:36
213.1399994,78.98999786,12:15:37
213.1600037,78.98000336,12:15:39
213.1799927,78.98000336,12:15:40
213.1999969,78.98000336,12:15:41
213.2100067,78.98000336,12:15:42
213.2299957,78.98000336,12:15:43
213.25,78.98000336,12:15:44
213.2700043,78.97000122,12:15:45
213.2899933,78.97000122,12:15:46
213.3000031,78.97000122,12:15:47
213.3200073,78.97000122,12:15:48
213.3399963,78.97000122,12:15:49
213.3500061,78.97000122,12:15:50
213.3699951,78.95999908,12:15:51
213.3899994,78.95999908,12:15:52
213.4100037,78.95999908,12:15:53
213.4299927,78.95999908,12:15:54
213.4400024,78.95999908,12:15:55
213.4600067,78.94999695,12:15:56
213.4700012,78.94999695,12:15:57
213.4900055,78.94999695,12:15:58
213.5200043,78.94999695,12:15:59
213.5299988,78.94999695,12:16:00
213.5500031,78.94999695,12:16:01
213.5599976,78.94000244,12:16:02
213.5800018,78.94000244,12:16:03
213.6100006,78.94000244,12:16:04
213.6199951,78.94000244,12:16:05
213.6399994,78.94000244,12:16:06
213.6499939,78.93000031,12:16:07
213.6699982,78.93000031,12:16:08
213.6900024,78.93000031,12:16:09
213.6999969,78.93000031,12:16:10
213.7200012,78.93000031,12:16:11
213.7299957,78.91999817,12:16:12
213.75,78.91999817,12:16:13
213.7700043,78.91999817,12:16:14
213.7700043,78.91999817,12:16:15
213.8099976,78.91999817,12:16:16